-- phpMyAdmin SQL Dump
-- version 4.0.8
-- http://www.phpmyadmin.net
--
-- Host: localhost
-- Generation Time: Feb 26, 2014 at 05:44 PM
-- Server version: 5.5.32-cll-lve
-- PHP Version: 5.3.17

SET SQL_MODE = "NO_AUTO_VALUE_ON_ZERO";
SET time_zone = "+00:00";


/*!40101 SET @OLD_CHARACTER_SET_CLIENT=@@CHARACTER_SET_CLIENT */;
/*!40101 SET @OLD_CHARACTER_SET_RESULTS=@@CHARACTER_SET_RESULTS */;
/*!40101 SET @OLD_COLLATION_CONNECTION=@@COLLATION_CONNECTION */;
/*!40101 SET NAMES utf8 */;

--
-- Database: `strenbum_stredm`
--

-- --------------------------------------------------------

--
-- Table structure for table `artists`
--

CREATE TABLE IF NOT EXISTS `artists` (
  `id` int(11) NOT NULL AUTO_INCREMENT,
  `artist` varchar(255) CHARACTER SET utf8 NOT NULL,
  PRIMARY KEY (`id`),
  UNIQUE KEY `artist` (`artist`)
) ENGINE=MyISAM  DEFAULT CHARSET=utf8 COLLATE=utf8_unicode_ci AUTO_INCREMENT=300 ;

--
-- Dumping data for table `artists`
--

INSERT INTO `artists` (`id`, `artist`) VALUES
(1, '12th Planet'),
(2, 'A-Trak'),
(3, 'Aarab Muzik'),
(4, 'Above and Beyond'),
(5, 'Adventure Club'),
(6, 'Afrojack'),
(7, 'Alesso'),
(8, 'Alex Metric'),
(9, 'Armin Van Buuren'),
(10, 'Art Department'),
(11, 'Arty'),
(12, 'ATB'),
(13, 'Avicii'),
(14, 'Axwell'),
(15, 'Bassnectar'),
(16, 'Benny Benassi'),
(17, 'Big Gigantic'),
(18, 'Bingo Players'),
(19, 'Borgore'),
(20, 'Botnek'),
(21, 'Bro Safari'),
(22, 'Calvin Harris'),
(23, 'Carl Cox'),
(24, 'Carnage'),
(25, 'Cazzette'),
(26, 'Cedric Gervais'),
(27, 'Clockwork'),
(28, 'Cosmic Gate'),
(29, 'Dada Life'),
(30, 'Dash Berlin'),
(31, 'David Guetta'),
(32, 'Deadmau5'),
(33, 'Dillon Francis'),
(34, 'Dimitri Vegas and Like Mike'),
(35, 'Diplo'),
(36, 'Dirty South'),
(37, 'Disclosure'),
(38, 'Dj Snake'),
(39, 'Dog Blood'),
(40, 'DVBBS'),
(41, 'Dyro'),
(42, 'Eric Prydz'),
(43, 'Fat Boy Slim'),
(44, 'Fedde Le Grand'),
(45, 'Feed Me'),
(46, 'Ferry Corsten'),
(47, 'Flosstradamus'),
(48, 'Flux Pavilion'),
(49, 'Gareth Emery'),
(50, 'Hardwell'),
(51, 'Headhunterz'),
(52, 'John Dahlback'),
(53, 'Kaskade'),
(54, 'Knife Party'),
(55, 'Krewella'),
(56, 'Laidback Luke'),
(57, 'Loco Dice'),
(58, 'Luciano'),
(59, 'Luminox'),
(60, 'Madeon'),
(61, 'Major Lazer'),
(62, 'Mark Knight'),
(63, 'Markus Schulz'),
(64, 'Martin Solveig'),
(65, 'Mat Zo'),
(66, 'Morgan Page'),
(67, 'Nero'),
(68, 'Nervo'),
(69, 'Nicky Romero'),
(70, 'Paul Van Dyk'),
(71, 'Pete Tong'),
(72, 'Porter Robinson'),
(73, 'Pretty Lights'),
(74, 'Quintino'),
(75, 'R.L Grime'),
(76, 'R3hab'),
(77, 'Rebecca and Fiona'),
(78, 'Richie Hawtin'),
(79, 'Rusko'),
(80, 'Sander Van Doorn'),
(81, 'Sebastian Ingrosso'),
(82, 'Seven Lions'),
(83, 'Showtek'),
(84, 'Sidney Samson'),
(85, 'Simon Patterson'),
(86, 'Solar Stone'),
(87, 'Steve Angello'),
(88, 'Steve Aoki'),
(89, 'Swedish House Mafia'),
(90, 'Thomas Gold'),
(91, 'Tiesto'),
(92, 'Tommy Trash'),
(93, 'Tritonal'),
(94, 'Umek'),
(95, 'UZ'),
(96, 'W&W'),
(97, 'Wildstylz'),
(98, 'Wolfgang Gartner'),
(99, 'Zedd'),
(100, 'Zeds Dead'),
(101, '3LAU'),
(102, 'Above & Beyond'),
(103, 'Aly & Fila'),
(104, 'Atoms for Peace'),
(105, 'Brillz'),
(106, 'Candyland'),
(107, 'Carl Craig'),
(108, 'Chuckie'),
(109, 'Coone'),
(110, 'Crookers'),
(111, 'Dannic'),
(112, 'David Steven'),
(113, 'Deniz Koyu'),
(114, 'DJ Stephanie'),
(115, 'Dubfire'),
(116, 'Duck Sauce'),
(117, 'Dusky'),
(118, 'EDX'),
(119, 'Empire of The Sun'),
(120, 'Felix Da Housecat'),
(121, 'Flume'),
(122, 'Gina Star'),
(123, 'Isaac'),
(124, 'James Zabiela'),
(125, 'John Digweed'),
(126, 'Joker'),
(127, 'Joris Voorn'),
(128, 'Landis & Crespo'),
(129, 'Martin Garrix'),
(130, 'Metrik'),
(131, 'Michael Woods'),
(132, 'Mixcloud Test'),
(133, 'MK (Marc Kinchen)'),
(134, 'Moguai'),
(135, 'Myon & Shane 54'),
(136, 'Nadastrom'),
(137, 'New World Punx'),
(138, 'Nicolas Jaar'),
(139, 'Noir'),
(140, 'Owen Royal'),
(141, 'Partyraiser'),
(142, 'Paul Oakenfold'),
(143, 'Psognar'),
(144, 'RL Grime'),
(145, 'Rustie'),
(146, 'Sasha'),
(147, 'SBTRKT'),
(148, 'Shadow Child'),
(149, 'ShockOne'),
(150, 'Skrillex'),
(151, 'Solomun'),
(152, 'Sunnery James and Ryan Marciano'),
(153, 'The Chainsmokers'),
(154, 'The Prophet'),
(155, 'Tommie Sunshine'),
(156, 'Totally Enormous Extinct Dinosaurs'),
(157, 'Yves V'),
(158, 'Andrew Bayer'),
(159, 'Yousef'),
(160, 'Swanky Tunes'),
(161, 'Shermanology'),
(162, 'Leroy Styles'),
(163, 'Fatboy Slim'),
(164, 'Bambi'),
(165, 'Bassjackers'),
(166, 'Michael Calfan'),
(167, 'Otto Knows'),
(168, 'Felguk'),
(169, 'Flapjack'),
(170, 'Flapjackers'),
(171, 'Audien'),
(172, 'La Fuente'),
(173, 'Shogun'),
(174, 'Destructo'),
(175, 'Afrojack and Steve Aoki (Afroki)'),
(176, 'Style of Eye'),
(177, 'Ferry Corsten & Orjan Nilsen'),
(178, 'Manufactured Superstars'),
(179, 'Sultan & Ned Shepard'),
(180, 'Hard Rock Sofa'),
(181, 'Jack Beats'),
(182, 'Super8 and Tab'),
(183, 'Wildstylez'),
(184, 'Brenan Heart'),
(185, 'MIghty Fools'),
(186, 'Baauer'),
(187, 'Above & Beyond and EDX'),
(188, 'Above & Beyond and ATB'),
(189, 'Above & Beyond and Lane 8'),
(190, 'Above & Beyond and Mat Zo'),
(191, 'Bobby Burns'),
(192, 'Above & Beyond and Paul Oakenfold'),
(193, 'Baauer B2B RL Grime'),
(194, 'Conspirator'),
(195, 'Orjan Nilsen'),
(196, 'Skream'),
(197, 'The M Machine'),
(198, 'Kill the Noise'),
(199, 'John O''Calaghan'),
(200, 'Fehrplay'),
(201, 'Kyau & Albert'),
(202, 'Alvaro'),
(203, 'Datsik'),
(204, 'Gesaffelstein'),
(205, 'Above & Beyond and Sasha'),
(206, 'Above & Beyond and Myon & Shane 54'),
(207, 'Korsakoff'),
(208, 'Riva Star'),
(209, 'Psyko Punkz'),
(210, 'Dirty Dutch'),
(211, 'HIIO'),
(212, 'Zatox'),
(213, 'Mitchell Niemeyer'),
(214, 'Wasted Penguinz'),
(215, 'Code Black'),
(216, 'ASYS'),
(217, 'Nutzbeatz'),
(218, 'Infected Mushroom'),
(219, 'Moby'),
(220, 'James Blake'),
(221, 'Night Owl Experience'),
(222, 'Mariano Trocca'),
(223, 'Olivier Weiter'),
(224, 'Adrian De Bernardi'),
(225, 'Festa Bros'),
(226, 'Geck-O'),
(227, 'Prefix & Density'),
(228, 'Digital Punk'),
(229, 'Adam Beyer'),
(230, 'Degos & Re-Done'),
(231, 'Chain Reaction & Luna'),
(232, 'Frequencerz'),
(233, 'Crazibiza'),
(234, 'DJ Shadow'),
(235, 'Gent & Jawns'),
(236, 'TJR'),
(237, 'B-Front'),
(238, 'Victor Niglio'),
(239, 'Artic'),
(240, 'Dillytek'),
(241, 'Hard Driver'),
(242, 'Jordan Suckley'),
(243, 'Jorn van Deynhoven'),
(244, 'Above & Beyond and Andrew Bayer'),
(245, 'Adrian Lux'),
(246, 'Robert Delong'),
(247, 'Stafford Brothers'),
(248, 'Dj Falcon'),
(249, 'Kenny Dope b2b Roger Sanchez'),
(250, 'Guy J'),
(251, 'Guti'),
(252, 'Marco V'),
(253, 'Mike Vale'),
(254, 'Robert Dietz'),
(255, 'Above & Beyond and Cosmic Gate'),
(256, 'Above & Beyond and Dusky'),
(257, 'Above & Beyond and Seven Lions'),
(258, 'Above & Beyond and Orjan Nilsen'),
(259, 'Flux Pavilion vs Doctor P'),
(260, 'Nunos Dos Santos'),
(261, 'Ryan Davis'),
(262, 'Oliver Huntemann'),
(263, 'Timo Maas'),
(264, 'Joel Mull'),
(265, 'Mr. Jones'),
(266, 'Len Faki'),
(267, 'Some Chemistry'),
(268, 'Joseph Capriati'),
(269, 'Alan Fitzpatrick'),
(270, 'Fairmont'),
(271, 'Sub Focus'),
(272, 'Modestep'),
(273, 'Playboyz'),
(274, 'Anja Schneider'),
(275, 'Pan-Pot'),
(276, 'Rodriguez Jr.'),
(277, 'Funkerman'),
(278, 'Dosem'),
(279, 'Marco Bailey'),
(280, 'Tomy DeClerque'),
(281, 'Barem'),
(282, 'Dirtyphonics'),
(283, 'Hernan Cattaneo'),
(284, 'Sven Vath'),
(285, 'Stefan Dabruck'),
(286, 'Seth Troxler'),
(287, 'Raver''s Nature'),
(288, 'Mirko Loko'),
(289, 'Danny Avila'),
(290, 'Miss Kitten'),
(291, 'Nick Curly'),
(292, 'Westbam'),
(293, 'Chris Liebing'),
(294, 'Darius Syrossian'),
(295, 'AN21 and Max Vangeli'),
(296, 'Adam Beyer b2b Ida Engberg'),
(297, 'Agoria'),
(298, 'Benny Rodrigues'),
(299, 'Darin Epsilon');

-- --------------------------------------------------------

--
-- Table structure for table `direct_uploads`
--

CREATE TABLE IF NOT EXISTS `direct_uploads` (
  `id` int(11) NOT NULL AUTO_INCREMENT,
  `path` varchar(255) CHARACTER SET utf8 NOT NULL,
  `is_moved` int(11) NOT NULL DEFAULT '0',
  PRIMARY KEY (`id`),
  UNIQUE KEY `path` (`path`)
) ENGINE=MyISAM  DEFAULT CHARSET=latin1 AUTO_INCREMENT=130 ;

--
-- Dumping data for table `direct_uploads`
--

INSERT INTO `direct_uploads` (`id`, `path`, `is_moved`) VALUES
(1, 'Armin_van_Buuren_mainstage_set_-_Live_at_A_State_of_Trance_650_Utrecht_15-02-2014-Razorator.mp3', 1),
(2, 'Audien_-_Live_at_A_State_of_Trance_650_Utrecht_15-02-2014-Razorator.mp3', 1),
(3, 'BBC Radio 1 Essential Mix - Showtek - 09.11.13.aac', 1),
(4, 'BBC_Radio_1s_Essential_Mix_-_DJ_Snake_25-01-2014.aac', 1),
(5, 'BBC_Radio_1s_Essential_Mix_-_DJ_Snake_25-01-2014.mp3', 1),
(6, 'BBC_Radio_1s_Essential_Mix_-_Essential_Mix_of_the_Year_Eric_Prydz_21-12-2013.aac', 1),
(7, 'BBC_Radio_1s_Essential_Mix_-_R3hab_15-02-2014.aac', 1),
(8, 'BBC_Radio_1s_Essential_Mix_-_Sunnery_James_and_Ryan_Marciano_18-01-2014.aac', 1),
(9, 'Bobby Burns - Live @ Ultra Music Festival 2013 UMF (Miami) - 22.03.2013.mp3', 1),
(10, 'Cedric Gervais - Essential Mix (22-03-2013).mp3', 1),
(11, 'Cosmic_Gate_-_Live_at_A_State_of_Trance_650_Utrecht_15-02-2014-Razorator.mp3', 1),
(12, 'Dash_Berlin_-_Live_at_A_State_of_Trance_650_Utrecht_15-02-2014-Razorator.mp3', 1),
(13, 'Deadmau5 - Live @ Ultra Music Festival 2013 UMF (Miami) - 23.03.2013.mp3', 1),
(14, 'Dubfire - Essential Mix 2013-12-28 Classic.mp3', 1),
(15, 'Feed Me - Annie Nightingale BBC Radio 1 Mix.mp3', 1),
(16, 'Hardwell - Live @ Ultra Music Festival (Miami) - 16.03.2013.mp3', 1),
(17, 'Kaskade - Live @ Ultra Music Festival 2013 UMF (Miami) - 22.03.2013.mp3', 1),
(18, 'Laidback Luke - Live @ Ultra Music Festival 2013 UMF (Miami) - 23.03.2013.mp3', 1),
(19, 'Sasha - Live At Essential Mix 20th Anniversary Party, The Warehouse Project (Manchester) - 16-Nov-2013 [Sh4R3 OR Di3],.mp3', 1),
(20, 'soundcloud-107692120_NERVO_-_BBC_Radio_1_s_Essential_Mix_8-24-13.mp3', 1),
(21, 'soundcloud-116582339_Pete_Tong_BBC_Radio_1_Essential_Selection_18.10.2013.mp3', 1),
(22, 'soundcloud-117147929_Nicky_Romero_-_BBC_Radio_1_-_In_New_DJs_We_Trust_-_17-10-2013.mp3', 1),
(23, 'soundcloud-25608011_SBTRKT_@_BBC_Essential_Mix_15.10.2011.mp3', 1),
(24, 'soundcloud-43649738_Rustie_Essential_Mix_BBC_Radio_1_7th_April_2012.mp3', 1),
(25, 'soundcloud-47181817_BBC_Radio_One_1-st_Essential_Mix_by_Nicolas_Jaar.mp3', 1),
(26, 'soundcloud-85669110_Steve_Angello_-_BBC_Radio_1_Essential_Mix_30.03.2013.mp3', 1),
(27, 'soundcloud-97269944_Skrillex_BBC_Radio_1_Essential_Mix.mp3', 1),
(28, 'Tiesto - Essential Mix (01.02.2014).mp3', 1),
(29, 'Essential Mix - BBC Radio 25.05.2013. - Armin Van Buuren.mp3', 1),
(30, 'Alesso - BBC Radio 1 Essential Mix 3_24_2012.mp3', 1),
(31, 'soundcloud-5206040_Afrojack_BBC_Radio_1_Essential_Mix.mp3', 1),
(32, 'soundcloud-18270416_Above_Beyond_-_BBC_Radio_1_Essential_Mix_07.02.2011.mp3', 1),
(33, 'soundcloud-36286885_Arty_BBC_Radio_1_Essential_Mix_11.02.2012_exQlusiv.com.mp3', 1),
(34, 'art department bbc radio 1 essential mix (uncensored version).mp3', 1),
(35, 'soundcloud-125899802_Eric_Prydz_Essential_Mix_Of_The_Year_21-12-2013_-_www.LiveSets.dj.mp3', 1),
(36, 'BBC Radio 1 Essential Mix - Showtek - 09.11.13.mp3', 1),
(37, 'BBC_Radio_1s_Essential_Mix_-_Sunnery_James_and_Ryan_Marciano_18-01-2014.mp3', 1),
(38, 'BBC_Radio_1s_Essential_Mix_-_R3hab_15-02-2014.mp3', 1),
(39, 'soundcloud-117208142_W_W_-_BBC_Radio_1_Essential_Mix.mp3', 1),
(40, 'soundcloud-81441687_Zeds_Dead_-_Essential_Mix_BBC_Radio1_2013.03.02_mixdeluxe.net.mp3', 1),
(41, 'soundcloud-69194433_Thomas_Gold_-_BBC_Radio_1_Essential_Mix_-_Nov_2nd_2012.mp3', 1),
(42, 'soundcloud-132345105_Group_Therapy_064_with_Above_Beyond_and_ATB.mp3', 1),
(43, 'Above_Beyond_Group_Therapy_045_Guest_Orjan_Nilsen_-_13-09-2013-www.LiveSets.dj.mp3', 1),
(44, 'Group_Therapy_060_with_Above_Beyond_-_Flashback_Special.mp3', 1),
(45, 'Above_Beyond_Group_Therapy_044_Dusky_Guest_Mix.mp3', 1),
(46, 'Above_Beyond_Group_Therapy_043_Seven_Lions_Guest_Mix.mp3', 1),
(47, 'EDC Orlando 2013 - MainStage PsoGnar set.mp3', 1),
(48, 'Tommie Sunshine _ Live at EDC Orlando 2013.mp3', 1),
(49, 'Above_Beyond_Group_Therapy_032_Cosmic_Gate_Guest_Mix.mp3', 1),
(50, 'Conspirator - Full Second Set @ Aura Music and Arts Festival 02-15-2013.mp3', 1),
(51, 'Above_Beyond_Group_Therapy_024_Andrew_Bayer_Guest_Mix.mp3', 1),
(52, '3974f9bcc3aeb9459848e6aac2936c943d9c3b17.mp3', 1),
(53, 'Gesaffelstein DJ set at House of Vans x Boiler Room Berlin.mp3', 1),
(54, 'Above_&_Beyond_-_Live_@_Ultra_Music_Festival,_ASOT_600_(WMC,_Miami)_-_24-03-2013-www.mixing.dj.mp3', 1),
(55, 'Above_Beyond_Group_Therapy_021_Sasha_Guest_Mix.mp3', 1),
(56, '', 1),
(57, 'Above_Beyond_Group_Therapy_030_Myon_Shane_54_Guest_Mix.mp3', 1),
(58, 'Cedric Gervais - Live @ Electric Daisy Carnival, EDC Las Vegas 2013 - 21.06.2013.mp3', 1),
(59, 'Armin van Buuren - Live @ Electric Daisy Carnival, EDC Las Vegas 2013 - 21.06.2013.mp3', 1),
(60, 'Dada Life - Live @ Electric Daisy Carnival, EDC Las Vegas 2013 - 21.06.2013.mp3', 1),
(61, 'Dyro - Live @ Electric Daisy Carnival, EDC Las Vegas 2013 - 21.06.2013.mp3', 1),
(62, 'Electric Daisy Carnival 2012 (Las Vegas) Alesso.mp3', 1),
(63, 'Electric Daisy Carnival 2012 (Las Vegas) Armin van Buuren.mp3', 1),
(64, 'Electric Daisy Carnival 2012 (Las Vegas) Benny Benasi.mp3', 1),
(65, 'Electric Daisy Carnival 2012 (Las Vegas) Dash Berlin.mp3', 1),
(66, 'Electric Daisy Carnival 2012 (Las Vegas) Fedde Le Grand.mp3', 1),
(67, 'Electric Daisy Carnival 2012 (Las Vegas) Hardwell.mp3', 1),
(68, 'Electric Daisy Carnival 2012 (Las Vegas) Kaskade.mp3', 1),
(69, 'Electric Daisy Carnival 2012 (Las Vegas) Knife Party.mp3', 1),
(70, 'Electric Daisy Carnival 2012 (Las Vegas) Martin Solveig.mp3', 1),
(71, 'Eric Prydz - Live @ Electric Daisy Carnival, EDC Las Vegas 2013 - 22.06.2013.mp3', 1),
(72, 'Eric Prydz - Live @ Ultra Music Festival 2013 UMF (Miami) - 22.03.2013  [www.edmtunes.com].mp3', 1),
(73, 'Fedde Le Grand - Live @ Electric Daisy Carnival, EDC Las Vegas 2013 - 23.06.2013.mp3', 1),
(74, 'Gareth Emery - Live @ Electric Daisy Carnival, EDC Las Vegas 2013 - 21.06.2013.mp3', 1),
(75, 'Hardwell - Live @ Electric Daisy Carnival, EDC Las Vegas 2013 - 22.06.2013.mp3', 1),
(76, 'Knife Party - Live @ Electric Daisy Carnival, EDC Las Vegas 2013 - 23.06.2013.mp3', 1),
(77, 'Major Lazer - Live @ Electric Daisy Carnival, EDC Las Vegas 2013 - 22.06.2013.mp3', 1),
(78, 'Morgan Page - Live at EDC Las Vegas 2013.mp3', 1),
(79, 'Nicky Romero - Live @ Electric Daisy Carnival, EDC Las Vegas 2013 - 21.06.2013.mp3', 1),
(80, 'Night Owl Experience - Live @ Electric Daisy Carnival, EDC Las Vegas 2013 - 23.06.2013.mp3', 1),
(81, 'R3hab - Live @ Electric Daisy Carnival, EDC Las Vegas 2013 - 21.06.2013.mp3', 1),
(82, 'Tiesto - Live @ Electric Daisy Carnival, EDC Las Vegas 2013 - 22.06.2013.mp3', 1),
(83, 'Zeds_Dead_-_Live_@_EDC_2013_Electric_Daisy_Carnival_(New_York)_-_17-05-2013-www.mixing.dj.mp3', 1),
(84, 'Aly_and_Fila_vs_John_O_Callaghan_-_Live_at_A_State_of_Trance_650_Utrecht_15-02-2014-Razorator.mp3', 1),
(85, 'Andrew_Rayel_-_Live_at_A_State_of_Trance_650_Utrecht_15-02-2014-Razorator.mp3', 1),
(86, 'Armin_Van_Buuren-Essential_Mix -05-25-2013.mp3', 0),
(87, 'Armin_van_Buuren_mainstage_set_-_Live_at_A_State_of_Trance_650_Utrecht_15-02-2014-Razorator (1).mp3', 0),
(88, 'Hardwell - Live @ Coachella Festival 2013 (California) - 14.04.2013.mp3', 1),
(89, 'Dirty_South-Essential_Mix-03-16-2013.mp3', 1),
(90, 'Jordan_Suckley_-_Live_at_A_State_of_Trance_650_Utrecht_15-02-2014-Razorator.mp3', 1),
(91, 'Jorn_van_Deynhoven_-_Live_at_A_State_of_Trance_650_Utrecht_15-02-2014-Razorator.mp3', 1),
(92, 'New_World_Punx_-_Live_at_A_State_of_Trance_650_Utrecht_15-02-2014-Razorator.mp3', 1),
(93, 'Nicky Romero - Live @ Coachella Festival 2013 (California) - 12.04.2013.mp3', 1),
(94, 'Nicky Romero - Live @ UMF Buenos Aires 2014 (Argentina) - 21.02.2014.mp3', 1),
(95, 'Paul Oakenfold - Live @ Coachella Festival 2013 (California) - 12.04.2013.mp3', 1),
(96, 'Showtek - Live @ UMF Buenos Aires 2014 (Argentina) - 21.02.2014.mp3', 1),
(97, 'Steve Aoki - Live @ UMF Buenos Aires 2014 (Argentina) - 21.02.2014.mp3', 1),
(98, 'Alesso - Live @ Tomorrowland 2012 (Belgium) - 27.07.2012.mp3', 1),
(99, 'Borgore - Live @ Electric Daisy Carnival, EDC Las Vegas 2013 - 21.06.2013.mp3', 1),
(100, 'Bingo Players - Live @ Electric Daisy Carnival, EDC Las Vegas 2013 - 22.06.2013.mp3', 1),
(101, 'Calvin Harris - Live @ Electric Daisy Carnival, EDC Las Vegas 2013 - 23.06.2013.mp3', 1),
(102, 'Carl Cox - Live @ Tomorrowland 2012 (Belgium) - 27.07.2012.mp3', 1),
(103, 'Dimitri Vegas and Like Mike - Live @ Tomorrowland 2012 (Belgium) - 28.07.2012.mp3', 1),
(104, 'Fatboy Slim - Live @ Tomorrowland 2012 (Belgium) - 27.07.2012.mp3', 1),
(105, 'Martin Solveig - Live @ Tomorrowland 2012 (Belgium) - 28.07.2012.mp3', 1),
(106, 'Laidback Luke - Live @ Tomorrowland 2012 (Belgium) - 28.07.2012.mp3', 1),
(107, 'Skrillex - Live @ Tomorrowland 2012 (Belgium) - 28.07.2012.mp3', 1),
(108, 'Swedis House Mafia - Live @ Tomorrowland 2012 (Belgium) - 28.07.2012.mp3', 1),
(109, 'Alesso - Live @ Tomorrowland 2013 (Belgium) - 28.07.2013 [www.edmtunes.com].mp3', 1),
(110, 'Fedde Le Grand - Live @ Tomorrowland 2013 (Belgium) - 26.07.2013 [www.edmtunes.com].mp3', 1),
(111, 'Hardwell - Live @ Tomorrowland 2013 (Belgium) - 26.07.2013 [www.edmtunes.com].mp3', 1),
(112, 'W&W - Live @ Tomorrowland 2013 (Belgium) - 27.07.2013 [www.edmtunes.com].mp3', 1),
(113, 'Chuckie - Live @ Tomorrowland 2013 (Belgium) - 28.07.2013 [www.edmtunes.com].mp3', 1),
(114, 'Avicii EDC(New York) [05.19.2012].mp3', 1),
(115, 'Calvin Harris EDC (New York).mp3', 1),
(116, 'Sebastian Ingrosso EDC (New York) [05.19.2012].mp3', 1),
(117, 'Afrojack EDC (New York) [05.20.2012].mp3', 1),
(118, 'Madeon EDC (New York) [05.18.2012].mp3', 1),
(119, 'W&W_-_Live_@_A_State_of_Trance_600_Miami_-_24.03.2013_[www.edmtunes.com].mp3', 1),
(120, 'Sunnery James & Ryan Marciano - Live @ Ultra Music Festival 2013 UMF (Miami) - 24.03.2013 [www.edmtunes.com].mp3', 1),
(121, 'Sub Focus - Live @ Ultra Music Festival 2013 UMF (Miami) - 23.03.2013 [www.edmtunes.com].mp3', 1),
(122, 'Porter Robinson - Live @ Ultra Music Festival (Miami) - 16.03.2013 [www.edmtunes.com].mp3', 1),
(123, 'Seven Lions - Live @ Ultra Music Festival 2013 Miami - 16.03.2013 [www.edmtunes.com].mp3', 1),
(124, 'Richie Hawtin - Live @ Ultra Music Festival (Miami) - 16.03.2013 [www.edmtunes.com].mp3', 1),
(125, 'Pretty Lights - Live @ Ultra Music Festival (Miami) - 16.03.2013 [www.edmtunes.com].mp3', 1),
(126, 'Madeon - Live @ Ultra Music Festival (Miami) - 16.03.2013 [www.edmtunes.com].mp3', 1),
(127, 'Paul van Dyk - Live @ Ultra Music Festival (Miami) - 15.03.2013.mp3', 1),
(128, 'Modestep - Live @ Ultra Music Festival (Miami) - 15.03.2013.mp3', 1),
(129, 'Knife Party - Live @ Ultra Music Festival 2013 UMF (Miami) - 24.03.2013 [www.edmtunes.com].mp3', 1);

-- --------------------------------------------------------

--
-- Table structure for table `events`
--

CREATE TABLE IF NOT EXISTS `events` (
  `id` int(11) NOT NULL AUTO_INCREMENT,
  `event` varchar(255) CHARACTER SET utf8 NOT NULL,
  PRIMARY KEY (`id`),
  UNIQUE KEY `event` (`event`)
) ENGINE=MyISAM  DEFAULT CHARSET=utf8 COLLATE=utf8_unicode_ci AUTO_INCREMENT=36 ;

--
-- Dumping data for table `events`
--

INSERT INTO `events` (`id`, `event`) VALUES
(1, 'Amsterdam Dance Event 2013'),
(2, 'BBC Radio 1 Essential Mix'),
(3, 'Beyond Wonderland 2013'),
(4, 'Defqon.1'),
(5, 'EDC Las Vegas 2013'),
(6, 'EDC NYC 2013'),
(7, 'EDC Orlando 2013'),
(8, 'Electric Zoo 2013'),
(19, 'Defqon 1'),
(20, 'Boiler Room'),
(21, 'Coachella 2013'),
(18, 'EDC Chicago 2013'),
(14, 'Stereosonic 2013'),
(15, 'Tomorrow World 2013'),
(16, 'Tomorrowland 2013'),
(17, 'Ultra Music Festival 2013'),
(22, 'Aura Music and Arts Festival'),
(23, 'ASOT 650'),
(24, 'EDC Las Vegas 2012'),
(25, 'Mysteryland Netherland 2013'),
(26, 'Mysteryland Netherlands 2013'),
(27, 'Mysteryland Chile 2013'),
(28, 'UMF Buenos Aires 2014'),
(29, 'UMF Croatia 2013'),
(30, 'Tomorrowland 2012'),
(31, 'EDC NYC 2012'),
(32, 'Creamsfield'),
(33, 'Creamfields Buenoes Aries 2013'),
(34, 'Creamfields Buenos Aires 2013'),
(35, 'MayDay 2013');

-- --------------------------------------------------------

--
-- Table structure for table `genres`
--

CREATE TABLE IF NOT EXISTS `genres` (
  `id` int(11) NOT NULL AUTO_INCREMENT,
  `genre` varchar(255) CHARACTER SET utf8 NOT NULL,
  PRIMARY KEY (`id`),
  UNIQUE KEY `genre` (`genre`)
) ENGINE=MyISAM  DEFAULT CHARSET=utf8 COLLATE=utf8_unicode_ci AUTO_INCREMENT=18 ;

--
-- Dumping data for table `genres`
--

INSERT INTO `genres` (`id`, `genre`) VALUES
(1, 'House'),
(2, 'Trance'),
(3, 'Deep House'),
(4, 'Moombahton'),
(5, 'Trap'),
(6, 'Electro'),
(7, 'Dubstep'),
(8, 'Progessive House'),
(9, 'Electro House'),
(10, 'Hardstyle'),
(11, 'Trippy'),
(12, 'Hip Hop'),
(13, 'Tech House'),
(14, 'Tech-trance'),
(15, 'Dutch House'),
(16, 'Electronica'),
(17, 'Techno');

-- --------------------------------------------------------

--
-- Table structure for table `radiomixes`
--

CREATE TABLE IF NOT EXISTS `radiomixes` (
  `id` int(11) NOT NULL AUTO_INCREMENT,
  `radiomix` varchar(255) CHARACTER SET utf8 NOT NULL,
  PRIMARY KEY (`id`),
  UNIQUE KEY `radiomix` (`radiomix`)
) ENGINE=MyISAM  DEFAULT CHARSET=utf8 COLLATE=utf8_unicode_ci AUTO_INCREMENT=28 ;

--
-- Dumping data for table `radiomixes`
--

INSERT INTO `radiomixes` (`id`, `radiomix`) VALUES
(1, 'A&B Group Therapy 48'),
(2, 'A&B Group Therapy 49'),
(3, 'A&B Group Therapy 62'),
(4, 'A&B Group Therapy 63'),
(5, 'BBC Radio 1 Essential Mix'),
(6, 'Dillon Francis - "GET LOW" Triple j Mix For Triple J Mix Ups'),
(7, 'Diplo & Friends'),
(8, 'Hardwell On Air'),
(9, 'Hardwell On Air 152'),
(10, 'Mainstage 176'),
(11, 'Mainstage 177'),
(12, 'Radio Mix: Group Therapy 050 Live from Alexandria Palace'),
(13, 'Radio Mix: Trance Around The World Guest Mix'),
(14, 'The HOT Sh*t'),
(15, 'The HOT Sh*t, Episode 97'),
(16, 'Troll Mix Vol. 9: Just The Tip *Valentine''s Day Edition*'),
(23, 'Holiday Mix'),
(22, 'Above & Beyond Group Therapy '),
(24, 'Spring Mix'),
(25, 'Jambalaya Mix'),
(26, 'Mini Mix'),
(27, 'No Xcuses');

-- --------------------------------------------------------

--
-- Table structure for table `sets`
--

CREATE TABLE IF NOT EXISTS `sets` (
  `id` int(11) NOT NULL AUTO_INCREMENT,
  `artist_id` int(11) NOT NULL,
  `event_id` int(11) NOT NULL,
  `radiomix_id` int(11) NOT NULL,
  `genre_id` int(11) NOT NULL,
  `songURL` varchar(255) DEFAULT NULL,
  `imageURL` varchar(255) DEFAULT NULL,
  `date` date DEFAULT NULL,
  `datetime` timestamp NOT NULL DEFAULT CURRENT_TIMESTAMP,
  `popularity` int(11) NOT NULL DEFAULT '0',
  `tracklist` longtext,
  `is_radiomix` int(11) NOT NULL DEFAULT '0',
  `is_deleted` int(11) NOT NULL DEFAULT '0',
  PRIMARY KEY (`id`)
) ENGINE=MyISAM  DEFAULT CHARSET=utf8 AUTO_INCREMENT=549 ;

--
-- Dumping data for table `sets`
--

INSERT INTO `sets` (`id`, `artist_id`, `event_id`, `radiomix_id`, `genre_id`, `songURL`, `imageURL`, `date`, `datetime`, `popularity`, `tracklist`, `is_radiomix`, `is_deleted`) VALUES
(1, 99, 17, 0, 1, 'a8b91b03e9d403f7ba60b44d72029f8d1be76eb5.mp3', 'd1e1dba7f8d6739862295ed7cb68d3ee68547544.jpg', '2014-02-17', '2014-02-18 22:23:18', 0, 'test', 0, 0),
(2, 42, 17, 0, 2, '', '', '2014-02-17', '2014-02-18 22:21:25', 0, '', 0, 1),
(3, 94, 17, 0, 3, '034070d82664e4ef5d1a443eace5a0f3486159e5.mp3', 'd1e1dba7f8d6739862295ed7cb68d3ee68547544.jpg', '2014-02-17', '2014-02-18 22:24:13', 0, '', 0, 0),
(4, 22, 17, 0, 1, '9b7dcf4b5699192745142c65f78560fc37f40b32.mp3', 'd1e1dba7f8d6739862295ed7cb68d3ee68547544.jpg', '2014-02-17', '2014-02-18 22:24:23', 0, '', 0, 0),
(5, 44, 17, 0, 1, '1d827acc48c5b8082a4d7b7787b17ab8b30f242b.mp3', 'd1e1dba7f8d6739862295ed7cb68d3ee68547544.jpg', '2014-02-17', '2014-02-18 22:24:27', 0, '', 0, 0),
(6, 159, 17, 0, 3, 'e7a11df26791f41aac3d63a9f86f888b82f317a3.mp3', 'd1e1dba7f8d6739862295ed7cb68d3ee68547544.jpg', '2014-02-17', '2014-02-18 22:24:31', 0, '', 0, 0),
(7, 6, 17, 0, 1, '5b0c2c2d87587b90bf6ae5431971753c09c1644a.mp3', 'd1e1dba7f8d6739862295ed7cb68d3ee68547544.jpg', '2014-02-17', '2014-02-18 22:24:35', 0, '', 0, 0),
(8, 91, 17, 0, 1, '8315e9bfffb4b28fccd6a357b6acb7b3659e08c4.mp3', 'd1e1dba7f8d6739862295ed7cb68d3ee68547544.jpg', '2014-02-17', '2014-02-18 22:24:41', 0, '', 0, 0),
(9, 89, 17, 0, 1, 'ae3e838c9e88587bfe4178a6c10b4233e13ebf99.mp3', 'd1e1dba7f8d6739862295ed7cb68d3ee68547544.jpg', '2014-02-17', '2014-02-18 22:24:47', 0, '', 0, 0),
(10, 160, 17, 0, 1, '03a284e12466314045a72b5a6e0bc7f013b24820.mp3', 'd1e1dba7f8d6739862295ed7cb68d3ee68547544.jpg', '2014-02-17', '2014-02-18 22:24:51', 0, '', 0, 0),
(11, 161, 17, 0, 1, 'dfe642404fe8b9001e255059700f0546364c299d.mp3', 'd1e1dba7f8d6739862295ed7cb68d3ee68547544.jpg', '2014-02-17', '2014-02-18 22:24:55', 0, '', 0, 0),
(12, 80, 17, 0, 1, '64bb3450b7aa41aeaf7bdf246cadaa93d3cec20c.mp3', 'd1e1dba7f8d6739862295ed7cb68d3ee68547544.jpg', '2014-02-17', '2014-02-18 22:24:59', 0, '', 0, 0),
(13, 76, 17, 0, 1, '01f0de7923bf235d8c2b2b5ef75fb851dc2dba61.mp3', 'd1e1dba7f8d6739862295ed7cb68d3ee68547544.jpg', '2014-02-17', '2014-02-18 22:25:02', 0, '', 0, 0),
(14, 64, 17, 0, 1, '02d4e1534f549cea3ecb6fb71210730308fd5b20.mp3', 'd1e1dba7f8d6739862295ed7cb68d3ee68547544.jpg', '2014-02-17', '2014-02-18 22:25:07', 0, '', 0, 0),
(15, 58, 17, 0, 3, '40f2fe3243dc66816d8f58d563f19aeb69a87f64.mp3', 'd1e1dba7f8d6739862295ed7cb68d3ee68547544.jpg', '2014-02-17', '2014-02-18 22:25:14', 0, '', 0, 0),
(16, 162, 17, 0, 1, '40ef7d05f04ac3698cef3cf3dbd31beb58df7b8e.mp3', 'd1e1dba7f8d6739862295ed7cb68d3ee68547544.jpg', '2014-02-17', '2014-02-18 22:25:18', 0, '', 0, 0),
(17, 46, 17, 0, 2, '8da332958c0730659dddc4360030cca6f5832c02.mp3', 'd1e1dba7f8d6739862295ed7cb68d3ee68547544.jpg', '2014-02-17', '2014-02-18 22:25:21', 0, '', 0, 0),
(18, 163, 17, 0, 1, '8ab302decd11d00ca21c03ad27df062ff39f0f91.mp3', 'd1e1dba7f8d6739862295ed7cb68d3ee68547544.jpg', '2014-02-17', '2014-02-18 22:25:23', 0, '', 0, 0),
(19, 33, 17, 0, 4, '78692f9dba5336b9aa97845414ba5e1cff4ecdf9.mp3', 'd1e1dba7f8d6739862295ed7cb68d3ee68547544.jpg', '2014-02-17', '2014-02-18 22:25:27', 0, '', 0, 0),
(20, 13, 17, 0, 1, '3b1e6d7bb4201321a3786f55b86095e430219fc7.mp3', 'd1e1dba7f8d6739862295ed7cb68d3ee68547544.jpg', '2014-02-17', '2014-02-18 22:25:32', 0, '', 0, 0),
(21, 164, 17, 0, 1, 'a5239b439f3c1c7de8fd0e1a97c0a4e68ffb3d40.mp3', 'd1e1dba7f8d6739862295ed7cb68d3ee68547544.jpg', '2014-02-17', '2014-02-18 22:25:37', 0, '', 0, 0),
(22, 165, 17, 0, 1, '263672761c15f5593a0b8e31378eba97c5e4e489.mp3', 'd1e1dba7f8d6739862295ed7cb68d3ee68547544.jpg', '2014-02-17', '2014-02-18 22:25:40', 0, '', 0, 0),
(23, 24, 17, 0, 5, 'faec1f3c96c5df4d6d36308221372badb74f166f.mp3', 'd1e1dba7f8d6739862295ed7cb68d3ee68547544.jpg', '2014-02-17', '2014-02-18 22:25:42', 0, '', 0, 0),
(24, 35, 15, 0, 4, 'ef8740bbb786b6ed9fc19918c4c3641694f5b3d3.mp3', '48a4b7f8ed44ba29545745d97fd19dd67231e38c.jpg', '2014-02-17', '2014-02-18 22:25:45', 0, '', 0, 0),
(25, 25, 17, 0, 1, 'e27da7f9b85149fe22bb4da38f9bc61ed23c97b4.mp3', 'd1e1dba7f8d6739862295ed7cb68d3ee68547544.jpg', '2014-02-17', '2014-02-18 22:25:48', 0, '', 0, 0),
(26, 113, 17, 0, 1, 'ffce97e4e3df0d8492d46a7038fe10a71ea5d369.mp3', 'd1e1dba7f8d6739862295ed7cb68d3ee68547544.jpg', '2014-02-17', '2014-02-18 22:25:51', 0, '', 0, 0),
(27, 91, 15, 0, 1, 'a3e07248bd464549bd7878cdc90b3d11d07bb8d3.mp3', '48a4b7f8ed44ba29545745d97fd19dd67231e38c.jpg', '2014-02-17', '2014-02-18 22:25:54', 0, '', 0, 0),
(28, 6, 16, 0, 1, '05560708851b9f92c8c44d6e26282b81b5879f5f.mp3', '5d397d27bbd628eabea4ebe4095bd7e6635d1c2a.jpeg', '2014-02-17', '2014-02-18 22:25:58', 0, '', 0, 0),
(29, 11, 16, 0, 2, 'db28d77b940abd1e32fa7d9a35b5a5d397d5aea4.mp3', '5d397d27bbd628eabea4ebe4095bd7e6635d1c2a.jpeg', '2014-02-17', '2014-02-18 22:26:01', 0, '', 0, 0),
(30, 6, 15, 0, 1, 'e8fc37c2684749e029d766053715419074a0344b.mp3', '48a4b7f8ed44ba29545745d97fd19dd67231e38c.jpg', '2014-02-17', '2014-02-18 22:26:05', 0, '', 0, 0),
(31, 68, 15, 0, 1, 'c3eddc414466cc64b19b5a35f956c1d1baffeec6.mp3', '48a4b7f8ed44ba29545745d97fd19dd67231e38c.jpg', '2014-02-17', '2014-02-18 22:26:10', 0, '', 0, 0),
(32, 23, 16, 0, 2, '04fa5d61820105e6e3faa2c7befd7672a6452e24.mp3', '5d397d27bbd628eabea4ebe4095bd7e6635d1c2a.jpeg', '2014-02-17', '2014-02-18 22:26:13', 0, '', 0, 0),
(33, 34, 16, 0, 1, 'c2ed21deb220e9d5b9dfb8a9d9ed3348e3a80a34.mp3', '5d397d27bbd628eabea4ebe4095bd7e6635d1c2a.jpeg', '2014-02-17', '2014-02-18 22:26:18', 0, '', 0, 0),
(34, 159, 16, 0, 3, 'b5412a9507ea71b3c84b27bb2c7231e1dda1328c.mp3', '5d397d27bbd628eabea4ebe4095bd7e6635d1c2a.jpeg', '2014-02-17', '2014-02-18 22:26:26', 0, '', 0, 0),
(35, 68, 16, 0, 1, 'cb75386d5ea6193fdd24d5f43486ac4575e331d4.mp3', '5d397d27bbd628eabea4ebe4095bd7e6635d1c2a.jpeg', '2014-02-17', '2014-02-18 22:26:31', 0, '', 0, 0),
(36, 166, 16, 0, 1, '73462449142d2878843d56af1a456120f8f28e93.mp3', '5d397d27bbd628eabea4ebe4095bd7e6635d1c2a.jpeg', '2014-02-17', '2014-02-18 22:26:38', 0, '', 0, 0),
(37, 91, 16, 0, 1, '2a82e21a1d9f46072e405a52e2cd6ef457d01776.mp3', '5d397d27bbd628eabea4ebe4095bd7e6635d1c2a.jpeg', '2014-02-17', '2014-02-18 22:26:44', 0, '', 0, 0),
(38, 167, 16, 0, 1, '4633b383fb287d11aa7857d4e93573e4c487008b.mp3', '5d397d27bbd628eabea4ebe4095bd7e6635d1c2a.jpeg', '2014-02-17', '2014-02-18 22:26:48', 0, '', 0, 0),
(39, 74, 16, 0, 1, 'f8394aeefcf834b7708a19638276a06fb4774725.mp3', '5d397d27bbd628eabea4ebe4095bd7e6635d1c2a.jpeg', '2014-02-17', '2014-02-18 22:26:52', 0, '', 0, 0),
(40, 88, 16, 0, 1, '0d992b1395276223064cc517cbfa7491fb99d0e5.mp3', '5d397d27bbd628eabea4ebe4095bd7e6635d1c2a.jpeg', '2014-02-17', '2014-02-18 22:26:56', 0, '', 0, 0),
(41, 152, 16, 0, 1, '74fd6712b84c57722104ae02fff1977e261c6f58.mp3', '5d397d27bbd628eabea4ebe4095bd7e6635d1c2a.jpeg', '2014-02-17', '2014-02-18 22:27:00', 0, '', 0, 0),
(42, 125, 16, 0, 1, 'f3ca75a2bf4cec78addfff4f46a19e46c2b76c45.mp3', '5d397d27bbd628eabea4ebe4095bd7e6635d1c2a.jpeg', '2014-02-17', '2014-02-18 22:27:05', 0, '', 0, 0),
(43, 168, 16, 0, 1, '750c22f584e62ebe29c34bd82fd556d2b0c68bec.mp3', '5d397d27bbd628eabea4ebe4095bd7e6635d1c2a.jpeg', '2014-02-17', '2014-02-18 22:27:08', 0, '', 0, 0),
(44, 169, 16, 0, 1, '290ba716729cd01cfbbcfe0417ca370c41fa6cbb.mp3', '5d397d27bbd628eabea4ebe4095bd7e6635d1c2a.jpeg', '2014-02-17', '2014-02-18 22:27:12', 0, '', 0, 1),
(45, 170, 16, 0, 1, '290ba716729cd01cfbbcfe0417ca370c41fa6cbb.mp3', '5d397d27bbd628eabea4ebe4095bd7e6635d1c2a.jpeg', '2014-02-17', '2014-02-18 22:27:14', 0, '', 0, 0),
(46, 171, 16, 0, 2, 'd5777eb02a4b1990720d133c2c7246bea03135c3.mp3', '5d397d27bbd628eabea4ebe4095bd7e6635d1c2a.jpeg', '2014-02-17', '2014-02-18 22:27:18', 0, '', 0, 0),
(47, 172, 16, 0, 1, '3bc6011b53541b672f8511e6792dbe85454420d9.mp3', '5d397d27bbd628eabea4ebe4095bd7e6635d1c2a.jpeg', '2014-02-17', '2014-02-18 22:27:24', 0, '', 0, 0),
(48, 173, 16, 0, 1, '20fe2de32feb4dac87594ed219abdacaf77579e5.mp3', '5d397d27bbd628eabea4ebe4095bd7e6635d1c2a.jpeg', '2014-02-17', '2014-02-18 22:27:27', 0, '', 0, 0),
(49, 56, 16, 0, 1, 'b29e644cd39c7cb8b7d553d790d3371a9331853b.mp3', '5d397d27bbd628eabea4ebe4095bd7e6635d1c2a.jpeg', '2014-02-17', '2014-02-18 22:27:31', 0, '', 0, 0),
(50, 31, 16, 0, 1, 'dfc9bab59e392ca4e4313817816c54299b626a3d.mp3', '5d397d27bbd628eabea4ebe4095bd7e6635d1c2a.jpeg', '2014-02-17', '2014-02-18 22:27:36', 0, '', 0, 0),
(51, 28, 16, 0, 2, '2a9b621fd994a96a43943405301dd393c2e02eb1.mp3', '5d397d27bbd628eabea4ebe4095bd7e6635d1c2a.jpeg', '2014-02-17', '2014-02-18 22:27:40', 0, '', 0, 0),
(52, 96, 16, 0, 1, 'be16e5cb281e3ff2df80b41ad47c1af1ea0c5c6c.mp3', '5d397d27bbd628eabea4ebe4095bd7e6635d1c2a.jpeg', '2014-02-17', '2014-02-18 22:27:42', 0, '', 0, 0),
(53, 174, 18, 0, 5, 'c8c737258360bdf14b32861b794883f450f83e2e.mp3', 'e2d62b490ba7dbe3b1fb3b04334f83fabd8072d5.jpg', '2014-02-17', '2014-02-18 22:27:45', 0, '', 0, 1),
(54, 14, 16, 0, 1, '426b5baf002ad7fcf0476946e9d75d58bb3a5be8.mp3', '5d397d27bbd628eabea4ebe4095bd7e6635d1c2a.jpeg', '2014-02-17', '2014-02-18 22:27:48', 0, '', 0, 0),
(55, 174, 18, 0, 6, 'c8c737258360bdf14b32861b794883f450f83e2e.mp3', 'e2d62b490ba7dbe3b1fb3b04334f83fabd8072d5.jpg', '2014-02-17', '2014-02-18 22:27:51', 0, '', 0, 1),
(56, 174, 18, 0, 6, 'c8c737258360bdf14b32861b794883f450f83e2e.mp3', 'e2d62b490ba7dbe3b1fb3b04334f83fabd8072d5.jpg', '2014-02-17', '2014-02-18 22:27:55', 0, '', 0, 0),
(57, 131, 5, 0, 1, '5456f5ccf9ad85971a5f13363267866a9fc3a63c.mp3', '1f6c17e7b18ffbc877f866311e6ff6411e69daf5.jpeg', '2014-02-17', '2014-02-18 22:27:57', 0, '', 0, 0),
(58, 81, 15, 0, 1, 'cdef58157b2951f17668fa6cfd99f5ab4e640f8c.mp3', '48a4b7f8ed44ba29545745d97fd19dd67231e38c.jpg', '2014-02-17', '2014-02-18 22:28:01', 0, '', 0, 0),
(59, 84, 5, 0, 1, '5456f5ccf9ad85971a5f13363267866a9fc3a63c.mp3', '1f6c17e7b18ffbc877f866311e6ff6411e69daf5.jpeg', '2014-02-17', '2014-02-18 22:28:04', 0, '', 0, 0),
(60, 66, 18, 0, 2, 'c8d290dfbeb3842601548fa6ff2b76829a9b7ef3.mp3', 'e2d62b490ba7dbe3b1fb3b04334f83fabd8072d5.jpg', '2014-02-17', '2014-02-18 22:28:09', 0, '', 0, 0),
(61, 66, 18, 0, 2, 'c8d290dfbeb3842601548fa6ff2b76829a9b7ef3.mp3', 'e2d62b490ba7dbe3b1fb3b04334f83fabd8072d5.jpg', '2014-02-17', '2014-02-18 22:28:13', 0, '', 0, 1),
(62, 22, 15, 0, 1, '67d3dfc805b72ccee10da2a9eb53ff1827607800.mp3', '48a4b7f8ed44ba29545745d97fd19dd67231e38c.jpg', '2014-02-17', '2014-02-18 22:28:16', 0, '', 0, 1),
(63, 22, 15, 0, 1, '67d3dfc805b72ccee10da2a9eb53ff1827607800.mp3', '48a4b7f8ed44ba29545745d97fd19dd67231e38c.jpg', '2014-02-17', '2014-02-18 22:28:18', 0, '', 0, 0),
(64, 175, 15, 0, 1, '121b839a763092c1e5608fc0ccdf8c4c3dfc6f02.mp3', '48a4b7f8ed44ba29545745d97fd19dd67231e38c.jpg', '2014-02-17', '2014-02-18 22:28:20', 0, '', 0, 0),
(65, 34, 15, 0, 1, '9c8b04d21e33886035bc14db639093acafb31dc3.mp3', '48a4b7f8ed44ba29545745d97fd19dd67231e38c.jpg', '2014-02-17', '2014-02-18 22:28:23', 0, '', 0, 0),
(66, 100, 5, 0, 7, 'cab1128d7440b34826d1df633030eef2e7803e3e.mp3', '1f6c17e7b18ffbc877f866311e6ff6411e69daf5.jpeg', '2014-02-17', '2014-02-18 22:28:26', 0, '', 0, 0),
(67, 176, 18, 0, 1, '741bb7c6ecc653d02216e1c94ba54a4f39cde773.mp3', 'e2d62b490ba7dbe3b1fb3b04334f83fabd8072d5.jpg', '2014-02-17', '2014-02-18 22:28:29', 0, '', 0, 0),
(68, 37, 0, 5, 1, 'a2f32313090ef88699756cfa0b7d1fada358c918.mp3', '565e37f1dbaa3da48c0e84a0ada3053fdf82e705.jpg', '2014-02-17', '2014-02-18 22:28:33', 0, '1.	Onra – Intro [3min]\r\n2.	Slum Village – Players [04:40]\r\n3.	Gang Starr – Put Up or Shut Up [05:40]\r\n4.	Jaylib feat Quasimoto – React [7min]\r\n5.	Q-tip – Let’s Ride [9min]\r\n6.	Vic Mensa – Orange Soda [10:40]\r\n7.	Moodymann – You Ranaway [14:20]\r\n8.	Linkwood – Secret Value [16:20]\r\n9.	Mike Huckaby – Melodies From the Jazz Republic [20min] w/ DJ Le Roi feat Roland Clark – I Get Deep (Accapella)\r\n10.	Lxury – J.A.W.S [26min]\r\n11.	Trankilou – Bill Collector [32:20]\r\n12.	T. Williams – Three Letters [36:20]\r\n13.	Dusky – Sunsets & Dolphins [40:20]\r\n14.	Midland – Archive 01 [44min]\r\n15.	Mark Henning – Trojan [46:20] w/ Disclosure – When a Fire Starts to Burn\r\n16.	Ten Walls – Gotham [48min] w/ Disclosure – When a Fire Starts to Burn\r\n17.	Disclosure – When a Fire Starts to Burn [51min]\r\n18.	Rachel Row – Follow the Step (BrEach Hood Remix) [55:40]\r\n19.	New York Transit Authority – ’95 [61min]\r\n20.	Soul Purpose – Sublim3 [64:30] w/ Joy Orbison – Big Room Tech House DJ Tool Tip (BRTHDTT) [68:20]\r\n21.	Friend Within – The Scene [71min]\r\n22.	Paul Woolford – Untitled [76min]\r\n23.	Hannah Wants & Chris Lorenzo – Teardrop On The Fire [81:20]\r\n24.	GoldFFinch – Once You Wrap [83:30]\r\n25.	Charles B. & Adonis – Lack Of Love [86:20]\r\n26.	Native Soul feat. Trey Washington – A New Day (Spencer Parker A Gun For Hire Remix) [91:40]\r\n27.	Eddie Niguel – Absolute [94min]\r\n28.	Omar – I’m Feeling You (Henrik Schwarz Remix) [99:20]\r\n29.	Hauswerks – Puppet Factory [104min]\r\n30.	Disclosure feat. Sam Smith – Latch (Maddslinky Remix) [109min]\r\n31.	George Fitzgerald – Every Inch (Deetron Remix) [114min]\r\n32.	Dornik – Something About You [116min]\r\n', 1, 0),
(69, 54, 5, 0, 6, '675ae492aceb8c98d0c8698d5fb66df71fc92ac4.mp3', '1f6c17e7b18ffbc877f866311e6ff6411e69daf5.jpeg', '2014-02-17', '2014-02-18 22:28:37', 0, '', 0, 0),
(70, 49, 18, 0, 2, '2e49e2b9b7bea14ca04773495e4487cf9d494447.mp3', 'e2d62b490ba7dbe3b1fb3b04334f83fabd8072d5.jpg', '2014-02-17', '2014-02-18 22:28:41', 0, '', 0, 0),
(71, 82, 7, 0, 7, '52184ac68357baa828adc4efdefbf84e79e1eb3a.mp3', '6acd4df4d7dec31ea17616d5d4310ba30a8bea3a.jpg', '2014-02-17', '2014-02-18 22:28:50', 0, '1. Seven Lions - The Truth&#8201;\r\n2. Le Castle Vania feat. Ming & Lena Wolf - Disintegration&#8201;\r\n3. W&W & Ummet Ozcan - The Code\r\n4. Chris Schweizer - Now Or Never&#8201;\r\n5. Seven Lions - Tyven\r\n6. The M Machine feat. Pennybirdrabbit - Ghosts In The Machine (Kill The Noise Remix)\r\n7. Class A - Run Away (Tezla Remix)\r\n8. twoloud - Big Bang\r\n9. Seven Lions & Myon & Shane 54 feat. Tove Lo - Strangers&#8201;\r\n10. Ashley Wallbridge - Africa\r\n11. Nicky Romero & NERVO - Like Home w/ Seven Lions - Fractals\r\n12. Madeon - Technicolor\r\n13. Sander Van Doorn & Dubvision & Mako feat. Mariana Bell - Into The Light&#8201;\r\n14. Seven Lions feat. Fiora - Days To Come&#8201;\r\n15. Armin Van Buuren & Tomas Heredia vs. Alex M.O.R.P.H. & Sylvia Tosun - Communication Love (Chris Schweizer Mashup)\r\n16. Dimitri Vegas & Like Mike - Wakanda (Oh Snap!! vs. Dimitri Vegas & Like Mike Remix)&#8201;\r\n17. Them Lost Boys - Elbows Up&#8201;\r\n18. Tritonal feat. Cristina Soto - Still With Me (Seven Lions Remix)\r\n19. Terravita - Bach Off\r\n20. MAKJ & M35 - Revolution\r\n21. Paul van Dyk feat. Plumb - I Don''t Deserve You (Seven Lions Remix)&#8201;\r\n22. Lana Del Rey - Young & Beautiful (Myon & Shane 54 Summer of Love Mix)&#8201;\r\n23. Avicii & Nicky Romero - I Could Be The One (Nicktim) (DANK Remix)&#8201;\r\n24. Konec feat. Xkore - Railgun\r\n25. Royksopp feat. Susanne Sundfor - Running To The Sea (Seven Lions Remix)\r\n26. Neelix - Leave Me Alone (Simon Patterson Remix)', 0, 0),
(72, 77, 18, 0, 8, 'f45ab40ccdd278543e290b5a7be7e9701888e805.mp3', 'e2d62b490ba7dbe3b1fb3b04334f83fabd8072d5.jpg', '2014-02-17', '2014-02-18 22:28:52', 0, '', 0, 0),
(73, 177, 16, 0, 2, '0fd2f3d62221879d32b17ac7a9eaf810f2f80267.mp3', '1f6c17e7b18ffbc877f866311e6ff6411e69daf5.jpeg', '2014-02-17', '2014-02-18 22:28:55', 0, '', 0, 0),
(74, 178, 18, 0, 1, '2562b2c3918c46d7f756575bc396f74e94f06b35.mp3', 'e2d62b490ba7dbe3b1fb3b04334f83fabd8072d5.jpg', '2014-02-17', '2014-02-18 22:28:58', 0, '', 0, 0),
(75, 13, 18, 0, 1, '1e1baba941ab0184d18b11bdc1e6cecedd54be7c.mp3', 'e2d62b490ba7dbe3b1fb3b04334f83fabd8072d5.jpg', '2014-02-17', '2014-02-18 22:29:00', 0, '', 0, 0),
(76, 16, 18, 0, 9, '38cf64615fea9563aad8ef4824b4f028c86d754a.mp3', 'e2d62b490ba7dbe3b1fb3b04334f83fabd8072d5.jpg', '2014-02-17', '2014-02-18 22:29:04', 0, '', 0, 0),
(77, 44, 15, 0, 1, '0b1af2176634ef8452833dc72c7b6633a806a3f0.mp3', '48a4b7f8ed44ba29545745d97fd19dd67231e38c.jpg', '2014-02-18', '2014-02-18 22:29:07', 0, '', 0, 0),
(78, 69, 15, 0, 1, '4672db18e24b55fc979dd5f6f4bcda30ec5a6357.mp3', '48a4b7f8ed44ba29545745d97fd19dd67231e38c.jpg', '2014-02-18', '2014-02-18 22:29:10', 0, '', 0, 0),
(79, 9, 15, 0, 1, 'f753a30cabfb439ac0a105645d6cd2b4a53b820f.mp3', '48a4b7f8ed44ba29545745d97fd19dd67231e38c.jpg', '2014-02-18', '2014-02-18 22:29:13', 0, '', 0, 0),
(80, 96, 15, 0, 1, '0bcc8bd988b5d685250ef699721c0b6744cb939d.mp3', '48a4b7f8ed44ba29545745d97fd19dd67231e38c.jpg', '2014-02-18', '2014-02-18 22:29:17', 0, '', 0, 0),
(81, 80, 15, 0, 1, 'a07ddbe78bdc9423a00af43b59898b2f4c53478f.mp3', '48a4b7f8ed44ba29545745d97fd19dd67231e38c.jpg', '2014-02-18', '2014-02-18 22:29:21', 0, '', 0, 0),
(82, 179, 15, 0, 1, 'd561f18d8785829f055d36f0b0f8c5ff8fdafd3c.mp3', '48a4b7f8ed44ba29545745d97fd19dd67231e38c.jpg', '2014-02-18', '2014-02-18 22:29:24', 0, '', 0, 0),
(83, 152, 15, 0, 1, '26d8bbe7cdb434d82bf90a9fda44e32002d36949.mp3', '48a4b7f8ed44ba29545745d97fd19dd67231e38c.jpg', '2014-02-18', '2014-02-18 22:29:26', 0, '', 0, 0),
(84, 14, 15, 0, 1, '587169e44dc81b76c439683286ee3beab3e06727.mp3', '48a4b7f8ed44ba29545745d97fd19dd67231e38c.jpg', '2014-02-18', '2014-02-18 22:29:29', 0, '', 0, 0),
(85, 46, 18, 0, 2, '083217637fbda185a82a71bab29cc5895e4b950b.mp3', 'e2d62b490ba7dbe3b1fb3b04334f83fabd8072d5.jpg', '2014-02-18', '2014-02-18 22:29:33', 0, '', 0, 0),
(86, 113, 18, 0, 8, 'a88a3819c5d2e693ce849babc75cd23ca3749937.mp3', 'e2d62b490ba7dbe3b1fb3b04334f83fabd8072d5.jpg', '2014-02-18', '2014-02-18 22:29:37', 0, '', 0, 0),
(87, 65, 18, 0, 8, '342576ee3461e1e993b3e0559105904ec38afced.mp3', 'e2d62b490ba7dbe3b1fb3b04334f83fabd8072d5.jpg', '2014-02-18', '2014-02-18 22:29:44', 0, '', 0, 0),
(88, 180, 18, 0, 1, '31fa37dbab00bd090e21cc76ee4746fa0c96d491.mp3', 'e2d62b490ba7dbe3b1fb3b04334f83fabd8072d5.jpg', '2014-02-18', '2014-02-18 22:29:47', 0, '', 0, 0),
(89, 118, 18, 0, 8, 'd323827b9220b025b85a8c826aa7e427d59ffd03.mp3', 'e2d62b490ba7dbe3b1fb3b04334f83fabd8072d5.jpg', '2014-02-18', '2014-02-18 22:29:50', 0, '', 0, 0),
(90, 93, 18, 0, 2, '02180e429af8d6c3df7e71225cd014255ec1fdaf.mp3', 'e2d62b490ba7dbe3b1fb3b04334f83fabd8072d5.jpg', '2014-02-18', '2014-02-18 22:29:53', 0, '', 0, 0),
(91, 171, 18, 0, 8, '4db1f7ce96203221b3a17b4af36f8da5a462ed78.mp3', 'e2d62b490ba7dbe3b1fb3b04334f83fabd8072d5.jpg', '2014-02-18', '2014-02-18 22:29:58', 0, '', 0, 0),
(92, 63, 18, 0, 2, '38b6ffbbbaf0aff1590fc643b40eef96d59f1ffe.mp3', 'e2d62b490ba7dbe3b1fb3b04334f83fabd8072d5.jpg', '2014-02-18', '2014-02-18 22:30:00', 0, '', 0, 0),
(93, 152, 18, 0, 1, 'ef976f66cce9c7084e14958789da112c7bddab87.mp3', 'e2d62b490ba7dbe3b1fb3b04334f83fabd8072d5.jpg', '2014-02-18', '2014-02-18 22:30:03', 0, '', 0, 0),
(94, 160, 18, 0, 1, 'a7691f214478a5af4d7e98345ae9126074488706.mp3', 'e2d62b490ba7dbe3b1fb3b04334f83fabd8072d5.jpg', '2014-02-18', '2014-02-18 22:30:06', 0, '', 0, 0),
(95, 181, 18, 0, 9, '8cf130ee54516c7c65b2b7103b800f00c6f21159.mp3', 'e2d62b490ba7dbe3b1fb3b04334f83fabd8072d5.jpg', '2014-02-18', '2014-02-18 22:30:09', 0, '', 0, 0),
(96, 19, 18, 0, 7, '6a007d780817e4d2d2f62801e1c7b133a49fbc53.mp3', 'e2d62b490ba7dbe3b1fb3b04334f83fabd8072d5.jpg', '2014-02-18', '2014-02-18 22:30:11', 0, '', 0, 0),
(97, 91, 18, 0, 2, 'bf679d9e876f2de68a433e62db51bdf869c04960.mp3', 'e2d62b490ba7dbe3b1fb3b04334f83fabd8072d5.jpg', '2014-02-18', '2014-02-18 22:30:13', 0, '', 0, 0),
(98, 80, 18, 0, 2, '7f696ebf1b48fa192de230d6e0187582c83e85ae.mp3', 'e2d62b490ba7dbe3b1fb3b04334f83fabd8072d5.jpg', '2014-02-18', '2014-02-18 22:30:17', 0, '', 0, 0),
(99, 30, 18, 0, 2, 'e90e446b4cb8399e3c3ca8e0425d88e3d3ff8625.mp3', 'e2d62b490ba7dbe3b1fb3b04334f83fabd8072d5.jpg', '2014-02-18', '2014-02-18 22:30:19', 0, '', 0, 0),
(100, 182, 5, 0, 2, '0c5d801e5753c5008e9c88aece1ec4407139bc5a.mp3', '1f6c17e7b18ffbc877f866311e6ff6411e69daf5.jpeg', '2014-02-18', '2014-02-18 22:30:28', 0, '', 0, 0),
(101, 183, 19, 0, 10, '412c026e1bc07daa50f07b995e9c371201e7dd0b.mp3', '8994474591be22e473f12b200c4ae0d5ee63dad2.jpg', '2014-02-18', '2014-02-18 22:30:31', 0, '', 0, 0),
(102, 184, 19, 0, 10, '412c026e1bc07daa50f07b995e9c371201e7dd0b.mp3', '668692760ab6bee9b6e18cd9ac1b80005b07c469.jpg', '2014-02-18', '2014-02-18 22:30:34', 0, '', 0, 1),
(103, 184, 19, 0, 10, '412c026e1bc07daa50f07b995e9c371201e7dd0b.mp3', '8994474591be22e473f12b200c4ae0d5ee63dad2.jpg', '2014-02-18', '2014-02-18 22:30:37', 0, '', 0, 0),
(104, 185, 19, 0, 10, '6419fb767b9102de6814c93299c11f7fc735f62c.mp3', '8994474591be22e473f12b200c4ae0d5ee63dad2.jpg', '2014-02-18', '2014-02-18 22:30:39', 0, '', 0, 1),
(105, 185, 19, 0, 10, '6419fb767b9102de6814c93299c11f7fc735f62c.mp3', '8994474591be22e473f12b200c4ae0d5ee63dad2.jpg', '2014-02-18', '2014-02-18 22:30:43', 0, '', 0, 0),
(106, 48, 0, 5, 7, '7f7666c1f4ad95f8b4af43df6d7105038a5d0c0d.mp3', '2d0df248c66c941e8c9cb6eaebabf2ebde7eebb7.jpg', '2014-02-18', '2014-02-18 22:30:46', 0, '', 1, 1),
(107, 48, 0, 5, 7, '7f7666c1f4ad95f8b4af43df6d7105038a5d0c0d.mp3', '2d0df248c66c941e8c9cb6eaebabf2ebde7eebb7.jpg', '2014-02-18', '2014-02-18 22:31:04', 0, '', 1, 0),
(108, 65, 0, 5, 9, '1def73d323b4a1d7c1046ea618dfd38ae2a45ef7.mp3', '2d0df248c66c941e8c9cb6eaebabf2ebde7eebb7.jpg', '2014-02-18', '2014-02-18 22:31:10', 0, '', 1, 0),
(109, 11, 7, 0, 1, '985daddaa931e7326b4ae32d8e40d98198da7f64.mp3', '6acd4df4d7dec31ea17616d5d4310ba30a8bea3a.jpg', NULL, '2014-02-18 23:15:15', 0, '', 0, 0),
(110, 105, 7, 0, 5, '7666a903a6e72a4de6b51e5af73a4e7391c94f83.mp3', '6acd4df4d7dec31ea17616d5d4310ba30a8bea3a.jpg', NULL, '2014-02-18 23:21:46', 0, '', 0, 0),
(111, 106, 7, 0, 5, '24f1281e4652f62e1b4edb4557503da52766f910.mp3', '6acd4df4d7dec31ea17616d5d4310ba30a8bea3a.jpg', NULL, '2014-02-18 23:35:35', 0, '', 0, 0),
(112, 112, 7, 0, 1, '087befef026d1b3e24c579d0d62f268d0e3464f9.mp3', '6acd4df4d7dec31ea17616d5d4310ba30a8bea3a.jpg', NULL, '2014-02-18 23:48:43', 0, '', 0, 0),
(113, 49, 7, 0, 2, '4a72e552ecdc3dd254d530b9cfed69b00b944e8b.mp3', '6acd4df4d7dec31ea17616d5d4310ba30a8bea3a.jpg', NULL, '2014-02-19 00:02:28', 0, '', 0, 0),
(114, 121, 20, 0, 3, '3974f9bcc3aeb9459848e6aac2936c943d9c3b17.mp3', '', NULL, '2014-02-19 00:04:05', 0, '', 0, 1),
(115, 128, 7, 0, 1, 'cdcb8edce4c8c21b8c0a9e848d7340c2b25dd477.mp3', '6acd4df4d7dec31ea17616d5d4310ba30a8bea3a.jpg', NULL, '2014-02-19 01:35:19', 0, '', 0, 0),
(116, 59, 7, 0, 7, 'b9b27f41be7c13f60b04e5391b82316d93570a3a.mp3', '6acd4df4d7dec31ea17616d5d4310ba30a8bea3a.jpg', NULL, '2014-02-19 01:52:53', 0, '', 0, 0),
(117, 186, 21, 0, 5, 'b96c7ab98388fb7c0e0964e225ca1f6faeffe69e.mp3', '283f5f96c2b0bdb41e1096c64eae20e273cfa44d.jpg', NULL, '2014-02-19 02:09:06', 0, '', 0, 0),
(118, 16, 21, 0, 1, '211e34332305699f728eb3641ac19f6ea14a8a27.mp3', '283f5f96c2b0bdb41e1096c64eae20e273cfa44d.jpg', NULL, '2014-02-19 02:27:35', 0, '', 0, 0),
(119, 61, 21, 0, 4, 'c735f634fbcd16debdc4e53c8a043ff6d4289358.mp3', '283f5f96c2b0bdb41e1096c64eae20e273cfa44d.jpg', NULL, '2014-02-19 02:39:13', 0, '', 0, 0),
(120, 98, 21, 0, 1, '691ce3806c48478f70355fc2423823f375d7ab8b.mp3', '283f5f96c2b0bdb41e1096c64eae20e273cfa44d.jpg', NULL, '2014-02-19 02:54:51', 0, '', 0, 0),
(121, 54, 21, 0, 6, 'af12a4e921d30bc858125a02b68e41b8ad54bccd.mp3', '283f5f96c2b0bdb41e1096c64eae20e273cfa44d.jpg', NULL, '2014-02-19 03:53:11', 0, '', 0, 0),
(122, 95, 0, 5, 5, '', '6b1c1f357048b522f66ed2d3f8a42605d9599788.jpg', NULL, '2014-02-19 13:41:38', 0, '', 1, 1),
(123, 50, 17, 0, 1, '', 'd1e1dba7f8d6739862295ed7cb68d3ee68547544.jpg', NULL, '2014-02-19 17:41:16', 0, '', 0, 1),
(124, 50, 17, 0, 1, '', 'd1e1dba7f8d6739862295ed7cb68d3ee68547544.jpg', NULL, '2014-02-19 17:42:14', 0, '', 0, 1),
(125, 50, 17, 0, 1, '', 'd1e1dba7f8d6739862295ed7cb68d3ee68547544.jpg', NULL, '2014-02-19 17:43:04', 0, '', 0, 1),
(126, 50, 17, 0, 1, '', 'd1e1dba7f8d6739862295ed7cb68d3ee68547544.jpg', NULL, '2014-02-19 17:43:14', 0, '', 0, 1),
(127, 50, 17, 0, 1, '', 'd1e1dba7f8d6739862295ed7cb68d3ee68547544.jpg', NULL, '2014-02-19 17:45:46', 0, '', 0, 1),
(128, 50, 17, 0, 1, 'd8fa92e7ba55b2a63fe38bdf1e9ddda819831b7c.mp3', 'd1e1dba7f8d6739862295ed7cb68d3ee68547544.jpg', NULL, '2014-02-19 17:47:44', 0, '', 0, 0),
(129, 95, 7, 0, 5, '871dc48c4b1fbc02687fba913c7c6183db5a5fac.mp3', '3ab99501b5ef7f85bc6a61adcd9b582bf0967311.jpg', NULL, '2014-02-19 17:55:53', 0, '', 0, 1),
(130, 26, 0, 5, 8, '1cb8a1a17bb5aefecd0d178fa1a0e5a67b537245.mp3', '2d0df248c66c941e8c9cb6eaebabf2ebde7eebb7.jpg', NULL, '2014-02-19 18:00:13', 0, '', 1, 0),
(131, 38, 0, 5, 5, 'a7655ed74b0610265986ddff8953569dc1ec47ae.mp3', '2d0df248c66c941e8c9cb6eaebabf2ebde7eebb7.jpg', NULL, '2014-02-19 18:07:19', 0, '', 1, 0),
(132, 115, 0, 5, 3, '40ff54c66d169fd5f38f1000a7a9c1ff99f65df1.mp3', '2d0df248c66c941e8c9cb6eaebabf2ebde7eebb7.jpg', NULL, '2014-02-19 18:13:49', 0, '', 1, 0),
(133, 146, 0, 5, 1, 'fbb8112aa0d255e8c223eb2d0651ecb9f956b56c.mp3', '2d0df248c66c941e8c9cb6eaebabf2ebde7eebb7.jpg', NULL, '2014-02-19 18:17:07', 0, '', 1, 0),
(134, 45, 0, 5, 8, '9930d25079cebe3cc765e89e525f8a72c79f6492.mp3', '2d0df248c66c941e8c9cb6eaebabf2ebde7eebb7.jpg', NULL, '2014-02-19 18:20:11', 0, '', 1, 0),
(135, 68, 0, 5, 8, 'fc9a95345c6f04f51bb140f29be38c100fbf0a75.mp3', '2d0df248c66c941e8c9cb6eaebabf2ebde7eebb7.jpg', NULL, '2014-02-19 18:25:31', 0, '', 1, 0),
(136, 69, 0, 5, 8, 'cbc52c1b98e911e8c8d45964867f531bcd2332e6.mp3', '2d0df248c66c941e8c9cb6eaebabf2ebde7eebb7.jpg', NULL, '2014-02-19 18:30:54', 0, '', 1, 0),
(137, 138, 0, 5, 1, 'ada9365a970091dbf118def8691f1f4efefbae00.mp3', '2d0df248c66c941e8c9cb6eaebabf2ebde7eebb7.jpg', NULL, '2014-02-19 18:34:03', 0, '', 1, 0),
(138, 71, 0, 5, 1, 'ed19c618f1f33d6b3feed1553be4d8b75f9688c4.mp3', '2d0df248c66c941e8c9cb6eaebabf2ebde7eebb7.jpg', NULL, '2014-02-19 18:44:46', 0, '', 1, 0),
(139, 145, 0, 5, 5, 'c09e819361e550ed6c23f83845dad0243f4b559f.mp3', '2d0df248c66c941e8c9cb6eaebabf2ebde7eebb7.jpg', NULL, '2014-02-19 19:00:16', 0, '', 1, 0),
(140, 147, 0, 5, 1, '229d5bc7e22e5aa4e745d0ff139667c4089014d9.mp3', '2d0df248c66c941e8c9cb6eaebabf2ebde7eebb7.jpg', NULL, '2014-02-19 19:08:32', 0, '', 1, 0),
(141, 150, 0, 5, 7, '76fd00a735e68c9f3c289fdfce48797f10cacebf.mp3', '2d0df248c66c941e8c9cb6eaebabf2ebde7eebb7.jpg', NULL, '2014-02-19 19:11:15', 0, '', 1, 0),
(142, 87, 0, 5, 8, '4a2a56d4c1ce8b81bcc7c92ec8fd741610a6dc6b.mp3', '2d0df248c66c941e8c9cb6eaebabf2ebde7eebb7.jpg', NULL, '2014-02-19 19:17:50', 0, '', 1, 0),
(143, 91, 0, 5, 1, 'f0e95cffee69950ec32ec889b66b3d613ed488e6.mp3', '2d0df248c66c941e8c9cb6eaebabf2ebde7eebb7.jpg', NULL, '2014-02-19 19:25:42', 0, '', 1, 0),
(144, 91, 0, 5, 8, '', '2d0df248c66c941e8c9cb6eaebabf2ebde7eebb7.jpg', NULL, '2014-02-19 19:25:44', 0, '', 1, 1),
(145, 102, 0, 5, 2, '9cbe2a58404d499b3e6effd8769241ec978b4846.mp3', '2d0df248c66c941e8c9cb6eaebabf2ebde7eebb7.jpg', NULL, '2014-02-19 21:21:28', 0, '', 1, 0),
(146, 7, 0, 5, 8, '8aa5f111d79e7782c939b7a5d6fd18bb4ffd2d44.mp3', '2d0df248c66c941e8c9cb6eaebabf2ebde7eebb7.jpg', NULL, '2014-02-19 21:22:19', 0, '', 1, 0),
(147, 6, 0, 5, 1, 'aede9527d849f51c4f532d9ff59046d2e99ce238.mp3', '2d0df248c66c941e8c9cb6eaebabf2ebde7eebb7.jpg', NULL, '2014-02-19 21:23:18', 0, '', 1, 0),
(148, 9, 0, 5, 2, 'f84b061521917342e2040569705b3197a3c7127c.mp3', '2d0df248c66c941e8c9cb6eaebabf2ebde7eebb7.jpg', NULL, '2014-02-19 21:23:49', 0, '', 1, 0),
(149, 11, 0, 5, 1, '18c90f53dc11101efe704d0581f50cb76d157c93.mp3', '2d0df248c66c941e8c9cb6eaebabf2ebde7eebb7.jpg', NULL, '2014-02-19 22:18:52', 0, '', 1, 0),
(150, 10, 0, 5, 3, 'e49c2e4d6e3dc0c058cd3fd75d86bd35f4d7f6be.mp3', '2d0df248c66c941e8c9cb6eaebabf2ebde7eebb7.jpg', NULL, '2014-02-19 22:20:27', 0, '', 1, 0),
(151, 42, 0, 5, 1, '52d8bfd45df77fd488747b9c48c242857ada7f6a.mp3', '2d0df248c66c941e8c9cb6eaebabf2ebde7eebb7.jpg', NULL, '2014-02-19 22:21:18', 0, '', 1, 0),
(152, 76, 0, 5, 8, '736fe07287c468e666329d48a239bdcba2762d36.mp3', '2d0df248c66c941e8c9cb6eaebabf2ebde7eebb7.jpg', NULL, '2014-02-19 22:22:07', 0, '', 1, 0),
(153, 83, 0, 5, 8, 'e252585485b02e5dbb56e471b783cfd22ae0b7f4.mp3', '2d0df248c66c941e8c9cb6eaebabf2ebde7eebb7.jpg', NULL, '2014-02-19 22:22:52', 0, '', 1, 0),
(154, 152, 0, 5, 8, '3d9f97c88c542248ea9ce75b3dcde13c13dc7643.mp3', '2d0df248c66c941e8c9cb6eaebabf2ebde7eebb7.jpg', NULL, '2014-02-19 22:23:24', 0, '', 1, 0),
(155, 187, 0, 22, 1, '39220185d642643892352f0c41e87b37a70384cc.mp3', '18964ce2364298ef74847cc9220c3c761691bd18.jpg', NULL, '2014-02-20 00:41:41', 0, '', 1, 0),
(156, 96, 0, 5, 8, '3f5391c6f67e785f1d8eda39ec22f84186c087f6.mp3', '2d0df248c66c941e8c9cb6eaebabf2ebde7eebb7.jpg', NULL, '2014-02-20 01:10:49', 0, '', 1, 0),
(157, 90, 0, 5, 1, 'e4350a3dbadc770e0680d99d3dabf31b00791e60.mp3', '2d0df248c66c941e8c9cb6eaebabf2ebde7eebb7.jpg', NULL, '2014-02-20 01:11:28', 0, '', 1, 0),
(158, 100, 0, 5, 7, '5fc85e06b81ff0cf6d4d2c3da2d6a91872bdc0bb.mp3', '2d0df248c66c941e8c9cb6eaebabf2ebde7eebb7.jpg', NULL, '2014-02-20 01:12:16', 0, '', 1, 0),
(159, 188, 0, 22, 1, 'da39a3ee5e6b4b0d3255bfef95601890afd80709.mp3', '8284e1d776fa49f393434bcdd66839fc89e6f23d.jpg', NULL, '2014-02-20 01:25:22', 0, '', 1, 0),
(160, 32, 17, 0, 6, '8b975f7d136509be6ea93c2375690eb40e51064a.mp3', 'd1e1dba7f8d6739862295ed7cb68d3ee68547544.jpg', NULL, '2014-02-20 01:53:20', 0, '', 0, 0),
(161, 189, 0, 22, 1, '1cd6c1df14e929cb6fbad34fc2cb254cf3421f2b.mp3', '8284e1d776fa49f393434bcdd66839fc89e6f23d.jpg', NULL, '2014-02-20 02:02:00', 0, '', 1, 0),
(162, 102, 0, 22, 1, '8ebed0d8bd7f0922693562db5d4e501197ddae94.mp3', '8284e1d776fa49f393434bcdd66839fc89e6f23d.jpg', NULL, '2014-02-20 02:10:14', 0, '', 1, 0),
(163, 190, 0, 22, 1, '89bfbcbf11dd4ba7795e180b1da90ce8bc8efd24.mp3', '8284e1d776fa49f393434bcdd66839fc89e6f23d.jpg', NULL, '2014-02-20 03:11:29', 0, '', 1, 0),
(164, 56, 17, 0, 1, '3a9fc840e6dc7287d93c5bd303ddc08519381f31.mp3', 'd1e1dba7f8d6739862295ed7cb68d3ee68547544.jpg', NULL, '2014-02-20 03:52:33', 0, '', 0, 0),
(165, 53, 17, 0, 1, 'c1ab36c9b1a86515259f393b51750832f61c3058.mp3', 'd1e1dba7f8d6739862295ed7cb68d3ee68547544.jpg', NULL, '2014-02-20 03:56:30', 0, '', 0, 0),
(166, 191, 17, 0, 3, '964487d58e509b5686f819993b147bbc025fe642.mp3', 'd1e1dba7f8d6739862295ed7cb68d3ee68547544.jpg', NULL, '2014-02-20 04:12:12', 0, '', 0, 0),
(167, 95, 7, 0, 5, '7099058e0bd31600d8418ca96984f3da49364741.mp3', '6acd4df4d7dec31ea17616d5d4310ba30a8bea3a.jpg', NULL, '2014-02-20 04:14:37', 0, '', 0, 0),
(168, 94, 7, 0, 3, 'e33d777bad562572319c2f82d048f68aafd45f04.mp3', '6acd4df4d7dec31ea17616d5d4310ba30a8bea3a.jpg', NULL, '2014-02-20 04:23:48', 0, '', 0, 0),
(169, 136, 7, 0, 4, 'a27e823fdc7c351bdb5f18d318bf3abd57e819ab.mp3', '6acd4df4d7dec31ea17616d5d4310ba30a8bea3a.jpg', NULL, '2014-02-20 04:37:57', 0, '', 0, 0),
(170, 192, 0, 22, 1, 'bf2c1808559f2159fde54ad2cdd5168783ae42b9.mp3', '8284e1d776fa49f393434bcdd66839fc89e6f23d.jpg', NULL, '2014-02-20 04:49:05', 0, '', 1, 0),
(171, 64, 7, 0, 1, '51ea85a56724d6106d241036293da67bbcb0a52f.mp3', '6acd4df4d7dec31ea17616d5d4310ba30a8bea3a.jpg', NULL, '2014-02-20 05:00:19', 0, '', 0, 0),
(172, 1, 7, 0, 7, '17adade3ec9798f8fd5c7368a96e11f1b75e4d83.mp3', '6acd4df4d7dec31ea17616d5d4310ba30a8bea3a.jpg', NULL, '2014-02-20 05:05:39', 0, '', 0, 0),
(173, 101, 7, 0, 1, '8801ca1a8247e9d9242876930678dc6cc511c291.mp3', '6acd4df4d7dec31ea17616d5d4310ba30a8bea3a.jpg', NULL, '2014-02-20 05:31:39', 0, '', 0, 0),
(174, 76, 7, 0, 1, 'c0b9e6b5adbd17b9616fd16efa364c71f92a1379.mp3', '6acd4df4d7dec31ea17616d5d4310ba30a8bea3a.jpg', NULL, '2014-02-20 05:38:29', 0, '', 0, 0),
(175, 100, 7, 0, 7, '2aad385f720e9a5748efe886adbc6a1b470991c6.mp3', '6acd4df4d7dec31ea17616d5d4310ba30a8bea3a.jpg', NULL, '2014-02-20 05:44:41', 0, '', 0, 0),
(176, 193, 20, 0, 5, 'de1d76e89cb2c6d26625816a70a2802539db747f.mp3', '868c5e7b490360a3c070c8e350a00b010600529e.jpg', NULL, '2014-02-20 05:55:07', 0, '', 0, 0),
(177, 194, 22, 0, 11, 'aa508a18d5cab4a1d986087bbc0158143fbff367.mp3', 'b2c94d1147240480f85fe7257e503b2eb19beed2.jpg', NULL, '2014-02-20 08:20:38', 0, '', 0, 0),
(178, 155, 7, 0, 1, 'afeeb31881ea433c39912265c3a47df484215bcf.mp3', '3ab99501b5ef7f85bc6a61adcd9b582bf0967311.jpg', NULL, '2014-02-20 08:27:35', 0, '', 0, 0),
(179, 143, 7, 0, 7, 'f2bfa77d9bd270aafa1e6cb6bdd4e6fec3502edc.mp3', '6acd4df4d7dec31ea17616d5d4310ba30a8bea3a.jpg', NULL, '2014-02-20 08:30:41', 0, '', 0, 0),
(180, 9, 23, 0, 2, '31f364dfc4be9319311e02b10a8d9dd1392e6adf.mp3', 'dc60f3b7e284b27bdf0cb80ab4741a083769d6b0.jpg', NULL, '2014-02-20 08:35:26', 0, '', 0, 0),
(181, 28, 23, 0, 2, 'fc399fb22fa4d4b1e007afdbabf537dcd25fc7dc.mp3', 'dc60f3b7e284b27bdf0cb80ab4741a083769d6b0.jpg', NULL, '2014-02-20 08:38:27', 0, '', 0, 0),
(182, 171, 23, 0, 2, 'e4cc4e1bd965025e658c5ffd08d2e71999c95c5b.mp3', 'dc60f3b7e284b27bdf0cb80ab4741a083769d6b0.jpg', NULL, '2014-02-20 08:41:11', 0, '', 0, 0),
(183, 30, 23, 0, 2, '3dc29cd3a33e5a0af7594eff246bf93303b82c5a.mp3', 'dc60f3b7e284b27bdf0cb80ab4741a083769d6b0.jpg', NULL, '2014-02-20 08:44:01', 0, '', 0, 0),
(184, 195, 23, 0, 2, '4ab057bc3bbfe9b26dbc0f3c10e71d46013e5209.mp3', 'dc60f3b7e284b27bdf0cb80ab4741a083769d6b0.jpg', NULL, '2014-02-20 08:47:10', 0, '', 0, 0),
(185, 102, 0, 22, 2, '3b6586d837fc1cc2a894af90a011e4f535dd234e.mp3', '18964ce2364298ef74847cc9220c3c761691bd18.jpg', NULL, '2014-02-20 08:50:58', 0, '', 1, 1),
(186, 102, 0, 22, 2, '79fdb3995993c44c0f8012a41e61de8a78f2567b.mp3', '8284e1d776fa49f393434bcdd66839fc89e6f23d.jpg', NULL, '2014-02-20 08:53:24', 0, '', 1, 0),
(187, 102, 0, 22, 2, '80484fd76c2b8625b2c1b59edf12b4739bc5ea8b.mp3', '8284e1d776fa49f393434bcdd66839fc89e6f23d.jpg', NULL, '2014-02-20 08:57:32', 0, '', 1, 1),
(188, 102, 0, 22, 2, '8c2b715a64ee8145d787af2ec30866a12a0e0185.mp3', '8284e1d776fa49f393434bcdd66839fc89e6f23d.jpg', NULL, '2014-02-20 09:01:38', 0, '', 1, 1),
(189, 102, 0, 22, 2, '5dbb4d89343588263d7726534a52fa9757abb359.mp3', '8284e1d776fa49f393434bcdd66839fc89e6f23d.jpg', NULL, '2014-02-20 09:04:57', 0, '', 1, 1),
(190, 196, 20, 0, 7, '40268ed453aa64f6a5db3a6988e8b1b31f7ebfbe.mp3', '868c5e7b490360a3c070c8e350a00b010600529e.jpg', NULL, '2014-02-20 09:22:13', 0, '', 0, 0),
(191, 121, 20, 0, 3, '3974f9bcc3aeb9459848e6aac2936c943d9c3b17.mp3', '868c5e7b490360a3c070c8e350a00b010600529e.jpg', NULL, '2014-02-20 15:19:56', 0, '', 0, 0),
(192, 2, 8, 0, 1, 'de44fed1c87b86c069cbc26664dcf82e8b77e097.mp3', 'b28dea6aa7d235c1eb59ba89416826c906a41948.jpg', NULL, '2014-02-20 18:12:02', 0, '', 0, 0),
(193, 167, 8, 0, 1, 'd429ea2c41e9a18e3c0d7a4fcc627cce28f74605.mp3', 'b28dea6aa7d235c1eb59ba89416826c906a41948.jpg', NULL, '2014-02-20 18:18:51', 0, '', 0, 0),
(194, 16, 8, 0, 1, 'b8ed0716eac7cdcc4421b63cd2a61129ea957615.mp3', 'b28dea6aa7d235c1eb59ba89416826c906a41948.jpg', NULL, '2014-02-20 18:24:12', 0, '', 0, 0),
(195, 46, 8, 0, 2, '6a8eff2c7e4b72824115480da47e1a8736c96217.mp3', 'b28dea6aa7d235c1eb59ba89416826c906a41948.jpg', NULL, '2014-02-20 18:32:39', 0, '', 0, 0),
(196, 39, 8, 0, 7, 'ba4d7d5c66efad5073a2d487700732d1e3880388.mp3', 'b28dea6aa7d235c1eb59ba89416826c906a41948.jpg', NULL, '2014-02-20 18:38:04', 0, '', 0, 0),
(197, 83, 8, 0, 1, '44c66da8239524f32cc42afc60640f49b9d38e67.mp3', 'b28dea6aa7d235c1eb59ba89416826c906a41948.jpg', NULL, '2014-02-20 18:46:37', 0, '', 0, 0),
(198, 64, 8, 0, 1, '8f0a2ff729b9b9581b621f891e9c7dde63b28e88.mp3', 'b28dea6aa7d235c1eb59ba89416826c906a41948.jpg', NULL, '2014-02-20 18:51:58', 0, '', 0, 0),
(199, 195, 8, 0, 3, 'd353d88d080b7f37cc311e19f1bd4697cf813d0b.mp3', 'b28dea6aa7d235c1eb59ba89416826c906a41948.jpg', NULL, '2014-02-20 18:57:20', 0, '', 0, 0),
(200, 48, 8, 0, 7, '761f6c0a434cbd92dbd562b74a0849208f44e5ca.mp3', 'b28dea6aa7d235c1eb59ba89416826c906a41948.jpg', NULL, '2014-02-20 19:02:06', 0, '', 0, 0),
(201, 113, 8, 0, 1, '0c1532fa6ff7149afa3b3dac885671a308437d09.mp3', 'b28dea6aa7d235c1eb59ba89416826c906a41948.jpg', NULL, '2014-02-20 19:11:06', 0, '', 0, 0),
(202, 111, 8, 0, 1, 'a5067770060eb78a639b0d1feffe9d0dadf3683b.mp3', 'b28dea6aa7d235c1eb59ba89416826c906a41948.jpg', NULL, '2014-02-20 19:15:35', 0, '', 0, 0),
(203, 197, 8, 0, 7, 'e5eaf4cfba248271e43ab0d334ce997e4efc7812.mp3', 'b28dea6aa7d235c1eb59ba89416826c906a41948.jpg', NULL, '2014-02-20 19:20:22', 0, '', 0, 0),
(204, 198, 8, 0, 7, '8502c5982e473fe47e24318ee8dcd39513f84a0f.mp3', 'b28dea6aa7d235c1eb59ba89416826c906a41948.jpg', NULL, '2014-02-20 19:27:43', 0, '', 0, 0),
(205, 199, 8, 0, 3, 'b4e52a6f0c041da0437d58c0a7ca801d258a04e4.mp3', 'b28dea6aa7d235c1eb59ba89416826c906a41948.jpg', NULL, '2014-02-20 19:32:41', 0, '', 0, 0),
(206, 181, 8, 0, 1, 'af52f5dee5939154a8ba92ca14a39afa8d1629eb.mp3', 'b28dea6aa7d235c1eb59ba89416826c906a41948.jpg', NULL, '2014-02-20 19:35:27', 0, '', 0, 0),
(207, 102, 8, 0, 2, 'cd4a807998daa121c73232260e7ed6909d1bab5b.mp3', 'b28dea6aa7d235c1eb59ba89416826c906a41948.jpg', NULL, '2014-02-20 19:38:43', 0, '', 0, 0),
(208, 13, 8, 0, 1, 'e60cfb75b227dcf8fff2b9d1ec70122f6a90b41f.mp3', 'b28dea6aa7d235c1eb59ba89416826c906a41948.jpg', NULL, '2014-02-20 19:42:47', 0, '', 0, 0),
(209, 200, 8, 0, 2, '1b67bc7c2f5902e88e804198f8ba889ab9fef669.mp3', 'b28dea6aa7d235c1eb59ba89416826c906a41948.jpg', NULL, '2014-02-20 20:07:56', 0, '', 0, 0),
(210, 201, 8, 0, 1, 'ca9be1c457f0f9b59bc1d2e6f59e5edb091b19f9.mp3', 'b28dea6aa7d235c1eb59ba89416826c906a41948.jpg', NULL, '2014-02-20 20:14:15', 0, '', 0, 0),
(211, 31, 8, 0, 1, '77c540bc619b25814259cd97b38032f7db82cbda.mp3', 'b28dea6aa7d235c1eb59ba89416826c906a41948.jpg', NULL, '2014-02-20 20:27:03', 0, '', 0, 0),
(212, 18, 8, 0, 1, 'ead16c880d2c1aaaff29e159519ccb6b24c52170.mp3', 'b28dea6aa7d235c1eb59ba89416826c906a41948.jpg', NULL, '2014-02-20 20:42:08', 0, '', 0, 0),
(213, 93, 8, 0, 2, '2efc1ee4ddae6d34ad73cf3430fe8f8ba438fea6.mp3', 'b28dea6aa7d235c1eb59ba89416826c906a41948.jpg', NULL, '2014-02-20 20:50:00', 0, '', 0, 0),
(214, 50, 8, 0, 1, 'de28061161982d19503785fa07eb49430cea21d5.mp3', 'b28dea6aa7d235c1eb59ba89416826c906a41948.jpg', NULL, '2014-02-20 20:57:27', 0, '', 0, 0),
(215, 202, 8, 0, 1, '99f8b9fff8a79073c78a15c01b9abe2ca51c87d3.mp3', 'b28dea6aa7d235c1eb59ba89416826c906a41948.jpg', NULL, '2014-02-20 21:02:51', 0, '', 0, 0),
(216, 80, 8, 0, 1, '5f0630901be21952b545c84d53ca540f091240c9.mp3', 'b28dea6aa7d235c1eb59ba89416826c906a41948.jpg', NULL, '2014-02-20 21:13:56', 0, '', 0, 0),
(217, 203, 8, 0, 7, '7f1c11a50c634b8a65dacff032a317f72d081e57.mp3', 'b28dea6aa7d235c1eb59ba89416826c906a41948.jpg', NULL, '2014-02-20 21:24:46', 0, '', 0, 0),
(218, 21, 8, 0, 7, '1f1d42251dd285ec50d85ee96473eadf73acb18c.mp3', 'b28dea6aa7d235c1eb59ba89416826c906a41948.jpg', NULL, '2014-02-20 22:09:18', 0, '', 0, 0),
(219, 41, 8, 0, 1, 'c7e7b7ed6420ba586e991393ab5776c6cd025cc8.mp3', 'b28dea6aa7d235c1eb59ba89416826c906a41948.jpg', NULL, '2014-02-20 23:05:02', 0, '', 0, 0),
(220, 204, 20, 0, 6, 'de572d266c27cd1a53c761a9ad6ab1fbdd621615.mp3', '868c5e7b490360a3c070c8e350a00b010600529e.jpg', NULL, '2014-02-21 18:46:59', 0, '', 0, 0),
(221, 205, 0, 22, 1, 'f6ee9d4b067ffd25768ff79efb5a4d49332c2aa9.mp3', '8284e1d776fa49f393434bcdd66839fc89e6f23d.jpg', NULL, '2014-02-22 00:33:22', 0, '', 1, 0),
(222, 206, 0, 22, 1, '2b88a0cc886a2df6a6368a6ee826ba2ac864b31b.mp3', '8284e1d776fa49f393434bcdd66839fc89e6f23d.jpg', NULL, '2014-02-22 00:36:21', 0, '', 1, 0),
(223, 7, 24, 0, 8, 'e08d243cec2e4f552ab87ddeaa79bc0c65975b7c.mp3', '08e6eed35b9a05acc40998312b1a442eb4d717e5.jpg', NULL, '2014-02-22 01:05:23', 0, '', 0, 0),
(224, 9, 24, 0, 2, '532de7d53fd6b20062fe3ce5c66948a3f38fc9b9.mp3', '08e6eed35b9a05acc40998312b1a442eb4d717e5.jpg', NULL, '2014-02-22 01:08:45', 0, '', 0, 0),
(225, 16, 24, 0, 1, '88de060933a59e3dccfb982c278321ab3019a2c0.mp3', '08e6eed35b9a05acc40998312b1a442eb4d717e5.jpg', NULL, '2014-02-22 01:10:53', 0, '', 0, 0),
(226, 30, 24, 0, 2, '8d81c2bdd50d240d3ebb9d068ded167b7ee369fe.mp3', '08e6eed35b9a05acc40998312b1a442eb4d717e5.jpg', NULL, '2014-02-22 01:19:49', 0, '', 0, 0),
(227, 30, 24, 0, 2, '', '08e6eed35b9a05acc40998312b1a442eb4d717e5.jpg', NULL, '2014-02-22 01:20:49', 0, '', 0, 1),
(228, 44, 24, 0, 1, 'c152c8f1f516e72bc5bff74643cd0931905afab4.mp3', '08e6eed35b9a05acc40998312b1a442eb4d717e5.jpg', NULL, '2014-02-22 01:23:39', 0, '', 0, 0),
(229, 50, 24, 0, 8, '8bd823a5731d628b60f59e5bd54f417df1e9f950.mp3', '4dfc98036450d9ac9fb79167a79f77b5063d993b.jpg', NULL, '2014-02-22 01:25:46', 0, '', 0, 0),
(230, 53, 24, 0, 1, '09c44729f763c30a5704a4654289bec17da744aa.mp3', '4dfc98036450d9ac9fb79167a79f77b5063d993b.jpg', NULL, '2014-02-22 02:22:00', 0, '', 0, 0),
(231, 54, 24, 0, 7, 'a20b70fb1d3622f2d4bec9c721c92c3b67471f8b.mp3', '4dfc98036450d9ac9fb79167a79f77b5063d993b.jpg', NULL, '2014-02-22 02:26:43', 0, '', 0, 0),
(232, 64, 24, 0, 1, '38e140184764f97693f86b95cace9431236143cd.mp3', '4dfc98036450d9ac9fb79167a79f77b5063d993b.jpg', NULL, '2014-02-22 02:42:37', 0, '', 0, 0),
(233, 9, 5, 0, 2, '43a7fa2ecd4f01df56ec38877a730317f97ad400.mp3', '1f6c17e7b18ffbc877f866311e6ff6411e69daf5.jpeg', NULL, '2014-02-22 02:46:45', 0, '', 0, 0),
(234, 102, 0, 22, 2, '16233f7d0b1f67fc206079a326929a59139cd7d0.mp3', '90ee28fffa3fc582bf218e6a5482eb08b45dda14.jpg', NULL, '2014-02-22 02:53:15', 0, '', 1, 0),
(235, 26, 5, 0, 1, '700fd3fb87a5f70f63b4128aadfc6eb82e008128.mp3', '90ee28fffa3fc582bf218e6a5482eb08b45dda14.jpg', NULL, '2014-02-22 02:55:56', 0, '', 0, 0),
(236, 29, 5, 0, 9, 'dc03701adfe0a30799908af920c60fe6f971c4af.mp3', '90ee28fffa3fc582bf218e6a5482eb08b45dda14.jpg', NULL, '2014-02-22 02:59:25', 0, '', 0, 0),
(237, 42, 17, 0, 1, 'c2ef0817d3c0a2c47aa90add1d4f7f7d89e4ca52.mp3', '90ee28fffa3fc582bf218e6a5482eb08b45dda14.jpg', NULL, '2014-02-22 03:01:23', 0, '', 0, 0),
(238, 42, 5, 0, 6, 'ac73739859cdc2f4b86db48d225c128f6b93c0a2.mp3', '1f6c17e7b18ffbc877f866311e6ff6411e69daf5.jpeg', NULL, '2014-02-22 03:10:30', 0, '', 0, 0),
(239, 207, 25, 0, 10, 'ed29e3a8ba5b8e0a5432a2b228510571f72643c8.mp3', '5d14ce292a4689324b5860c7d8cec66e941ced2e.jpg', NULL, '2014-02-22 06:42:18', 0, '', 0, 1),
(240, 207, 26, 0, 10, 'ed29e3a8ba5b8e0a5432a2b228510571f72643c8.mp3', '9e14b91eb764d5f3ac936491cd059ca91a65ef9b.jpg', NULL, '2014-02-22 06:50:34', 0, '', 0, 0),
(241, 44, 27, 0, 1, '44c28e0587374efeb0768a5e6b30f70fc3b89a30.mp3', '0cb9afbe74f77218910aec4ac54a08f49fa92a87.jpg', NULL, '2014-02-22 06:55:29', 0, '', 0, 0),
(242, 109, 26, 0, 10, '1993001a7c7f494f826f87ee2f6d63aae700b355.mp3', '9e14b91eb764d5f3ac936491cd059ca91a65ef9b.jpg', NULL, '2014-02-22 06:58:22', 0, '', 0, 0),
(243, 208, 27, 0, 1, 'f4c1d5f07e5350a79c45e41e25d22068ac1a275c.mp3', '0cb9afbe74f77218910aec4ac54a08f49fa92a87.jpg', NULL, '2014-02-22 07:04:41', 0, '', 0, 0),
(244, 209, 26, 0, 10, '218bda8df75620ad4dee47d1af4897913773b2e0.mp3', '9e14b91eb764d5f3ac936491cd059ca91a65ef9b.jpg', NULL, '2014-02-22 07:06:10', 0, '', 0, 0),
(245, 210, 27, 0, 1, '612682c2c04e83e9e798e8a3d82d46d6c57bec17.mp3', '0cb9afbe74f77218910aec4ac54a08f49fa92a87.jpg', NULL, '2014-02-22 07:19:53', 0, '', 0, 1),
(246, 211, 27, 0, 1, '612682c2c04e83e9e798e8a3d82d46d6c57bec17.mp3', '0cb9afbe74f77218910aec4ac54a08f49fa92a87.jpg', NULL, '2014-02-22 07:25:25', 0, '', 0, 0),
(247, 212, 26, 0, 10, 'e18155c3500b3ddcb51010326f9fa8dca6295276.mp3', '9e14b91eb764d5f3ac936491cd059ca91a65ef9b.jpg', NULL, '2014-02-22 07:32:22', 0, '', 0, 0),
(248, 213, 27, 0, 1, '1c56c25ee79a159a8d47a17ba96bb6ec840d0a96.mp3', '0cb9afbe74f77218910aec4ac54a08f49fa92a87.jpg', NULL, '2014-02-22 07:37:58', 0, '', 0, 0),
(249, 41, 26, 0, 1, 'eff1c74a3f4660ebedaa69c36a0c1800e7b4cbad.mp3', '9e14b91eb764d5f3ac936491cd059ca91a65ef9b.jpg', NULL, '2014-02-22 07:39:20', 0, '', 0, 0),
(250, 214, 26, 0, 10, '6f15160c2789d2f466f8b666b4af1889d3bf796f.mp3', '9e14b91eb764d5f3ac936491cd059ca91a65ef9b.jpg', NULL, '2014-02-22 07:48:09', 0, '', 0, 0),
(251, 108, 27, 0, 1, '4aec9b28116ab9f75ae35370bf64027a5b8a26a1.mp3', '0cb9afbe74f77218910aec4ac54a08f49fa92a87.jpg', NULL, '2014-02-22 07:49:33', 0, '', 0, 0),
(252, 215, 26, 0, 10, 'ccd2e0faf98bf3ca71aea29b1beda7348c25ffd2.mp3', '9e14b91eb764d5f3ac936491cd059ca91a65ef9b.jpg', NULL, '2014-02-22 07:54:29', 0, '', 0, 0),
(253, 216, 26, 0, 10, '29cef0a679768d2249a3e119f431db7535154e92.mp3', '9e14b91eb764d5f3ac936491cd059ca91a65ef9b.jpg', NULL, '2014-02-22 08:00:38', 0, '', 0, 0),
(254, 171, 26, 0, 2, '470858f8b925c733d11013552893e7812efcb352.mp3', '9e14b91eb764d5f3ac936491cd059ca91a65ef9b.jpg', NULL, '2014-02-22 08:08:11', 0, '', 0, 0),
(255, 161, 26, 0, 1, 'ba762f9d3d930631d3b0b98c2e268d95ee0884ee.mp3', '9e14b91eb764d5f3ac936491cd059ca91a65ef9b.jpg', NULL, '2014-02-22 08:25:25', 0, '', 0, 0),
(256, 185, 27, 0, 1, '0a2ffd766fb224e8eca3f074819799a1b4653aaf.mp3', '0cb9afbe74f77218910aec4ac54a08f49fa92a87.jpg', NULL, '2014-02-22 08:35:17', 0, '', 0, 0),
(257, 113, 27, 0, 1, '808aeacf7a0080de4987f22e5df7bd45cb671f24.mp3', '0cb9afbe74f77218910aec4ac54a08f49fa92a87.jpg', NULL, '2014-02-22 08:45:47', 0, '', 0, 0),
(258, 217, 27, 0, 8, '0075e5c51f86276ca60fda62b437ce4bb677232a.mp3', '0cb9afbe74f77218910aec4ac54a08f49fa92a87.jpg', NULL, '2014-02-22 08:58:59', 0, '', 0, 0),
(259, 41, 5, 0, 1, '3cab3490d592aff4336fc4c00f3ff37805f876cf.mp3', '1f6c17e7b18ffbc877f866311e6ff6411e69daf5.jpeg', NULL, '2014-02-22 09:12:26', 0, '', 0, 0),
(260, 62, 27, 0, 1, 'b7b6d40889b22933728908f4e604fe26dc2ef174.mp3', '0cb9afbe74f77218910aec4ac54a08f49fa92a87.jpg', NULL, '2014-02-22 09:13:47', 0, '', 0, 0),
(261, 218, 21, 0, 3, '44a4653b28323ed066b534262410835a60f3b243.mp3', '283f5f96c2b0bdb41e1096c64eae20e273cfa44d.jpg', NULL, '2014-02-22 09:20:57', 0, '', 0, 0),
(262, 219, 21, 0, 3, '66dbf19ebcf496691345c905ae5a52a7bc2292d6.mp3', '283f5f96c2b0bdb41e1096c64eae20e273cfa44d.jpg', NULL, '2014-02-22 09:28:16', 0, '', 0, 0),
(263, 44, 5, 0, 1, 'e4a8925210a81967a80145d11e289c8800b0c07e.mp3', '1f6c17e7b18ffbc877f866311e6ff6411e69daf5.jpeg', NULL, '2014-02-22 09:31:11', 0, '', 0, 0),
(264, 220, 21, 0, 11, 'abfeb869ecfa558ccbcb48793879851c065b1f75.mp3', '283f5f96c2b0bdb41e1096c64eae20e273cfa44d.jpg', NULL, '2014-02-22 09:36:52', 0, '', 0, 0),
(265, 49, 5, 0, 1, 'bae4ef0909ba0b29532733a7cc694f176ea857bb.mp3', '1f6c17e7b18ffbc877f866311e6ff6411e69daf5.jpeg', NULL, '2014-02-22 09:38:29', 0, '', 0, 0),
(266, 161, 27, 0, 1, '3b8442c9eb5cfe7b30dfead92e77035a1511bcb2.mp3', '0cb9afbe74f77218910aec4ac54a08f49fa92a87.jpg', NULL, '2014-02-22 09:41:20', 0, '', 0, 0),
(267, 50, 5, 0, 1, '2d22d8eb4ad5f8c3956a69d1d4ca6eba8d263952.mp3', '1f6c17e7b18ffbc877f866311e6ff6411e69daf5.jpeg', NULL, '2014-02-22 09:44:43', 0, '', 0, 0),
(268, 54, 5, 0, 7, '', '1f6c17e7b18ffbc877f866311e6ff6411e69daf5.jpeg', NULL, '2014-02-22 09:49:41', 0, '', 0, 1),
(269, 54, 5, 0, 7, 'da39a3ee5e6b4b0d3255bfef95601890afd80709.', '1f6c17e7b18ffbc877f866311e6ff6411e69daf5.jpeg', NULL, '2014-02-22 09:49:56', 0, '', 0, 1),
(270, 61, 5, 0, 4, '', '1f6c17e7b18ffbc877f866311e6ff6411e69daf5.jpeg', NULL, '2014-02-22 09:52:11', 0, '', 0, 1),
(271, 61, 5, 0, 4, '', '1f6c17e7b18ffbc877f866311e6ff6411e69daf5.jpeg', NULL, '2014-02-22 09:52:16', 0, '', 0, 1),
(272, 66, 5, 0, 1, '', '1f6c17e7b18ffbc877f866311e6ff6411e69daf5.jpeg', NULL, '2014-02-22 09:53:00', 0, '', 0, 1),
(273, 69, 5, 0, 1, '', '1f6c17e7b18ffbc877f866311e6ff6411e69daf5.jpeg', NULL, '2014-02-22 09:53:21', 0, '', 0, 1),
(274, 221, 5, 0, 1, '', '1f6c17e7b18ffbc877f866311e6ff6411e69daf5.jpeg', NULL, '2014-02-22 09:56:33', 0, '', 0, 1),
(275, 76, 5, 0, 8, '', '1f6c17e7b18ffbc877f866311e6ff6411e69daf5.jpeg', NULL, '2014-02-22 09:57:33', 0, '', 0, 1),
(276, 91, 5, 0, 1, '', '1f6c17e7b18ffbc877f866311e6ff6411e69daf5.jpeg', NULL, '2014-02-22 10:04:50', 0, '', 0, 1),
(277, 100, 5, 0, 7, '', '1f6c17e7b18ffbc877f866311e6ff6411e69daf5.jpeg', NULL, '2014-02-22 10:11:25', 0, '', 0, 1),
(278, 220, 26, 0, 11, 'abfeb869ecfa558ccbcb48793879851c065b1f75.mp3', '283f5f96c2b0bdb41e1096c64eae20e273cfa44d.jpg', NULL, '2014-02-22 18:40:32', 0, '', 0, 1),
(279, 39, 21, 0, 7, 'aa563b8f7aee75f31f77e97c421d8705989799f4.mp3', '323a7fbddcd157dc67aa3508a0a354d711d84b55.jpg', NULL, '2014-02-22 18:58:51', 0, '', 0, 0),
(280, 222, 28, 0, 1, '1d881b985b436c056b08a3d1c9cd0f1ba30d8381.mp3', '0b5faa4d4bc96e3337bd95bd87efe49c352a53f6.jpg', NULL, '2014-02-22 23:19:21', 0, '', 0, 0),
(281, 223, 27, 0, 1, 'ae30980b213be16944a6c3eda34d55b7a88ccbdd.mp3', '0cb9afbe74f77218910aec4ac54a08f49fa92a87.jpg', NULL, '2014-02-22 23:21:26', 0, '', 0, 0),
(282, 70, 28, 0, 2, '8f68b1d329046a751ec9254f7b974fc8d0e3d2f4.mp3', '0b5faa4d4bc96e3337bd95bd87efe49c352a53f6.jpg', NULL, '2014-02-22 23:22:31', 0, '', 0, 0),
(283, 100, 0, 23, 7, '0576a457a751e3f6d870e22f5619d53d9403e22d.mp3', '3e7b39f695e52a61a6fcb23e4e6f8085d1dbbc9b.jpg', NULL, '2014-02-22 23:27:37', 0, 'Camo and Krooked - Loving You Is Easy\r\nCluprate ft. Torqux - McFunk\r\nDesructo - Higher\r\nEDX - Hazed\r\nDeorro - Crank it Up\r\nArmand Van Helden - I Know a Place ft. Spank Rock\r\nStwo - Lovin You\r\nToddla T - Worst Enemy (Switch Remix)\r\nPhonat - All This Time\r\nChimpo - Manchester Anthem\r\nGanz - Keep Falling (Obscure Remix)\r\nThe M Machine - Ghosts in the Machine (Kill The Noise Remix)\r\nZomboy - Terror Squad\r\nChase and Status - Machine Gun ft. Pusha T\r\nFeed Me - Rat Trap\r\nKaretus - Knock You Out\r\nZeds Dead - High Five\r\nI Am Legion - Choosing For You\r\nRL Grime - Pockets\r\nGanz - Fire On M\r\nStatic Selektah - The Spark ft. Action Bronsen and Joey Badass\r\nVanilla - Passenger\r\nMinor Rain - Plasticity\r\nG Jones - Stars\r\nAlix Perez - Broken Heart ft Two Inch Punch\r\nZeds Dead ft. Greta Svabo Bech - Shut Up and Sing 2.0\r\nDanny Byrd - Bad Boy Back Again\r\nRockwell - Detroit\r\nKove - Gone (6am Mix)\r\nDaft Punk - Doin It Right (Computer Club''s Doin it Wrong Mix)\r\nMemtrix - Numbers\r\nZeds Dead Ft. Memorecks - Jericho\r\nJackal - Power Move\r\nDodge and Fuski x Cluprate - Vice\r\nBauuer - Slip\r\nDJ Snake, Yellow Claw & Spank - Slow Down\r\nZeds Dead x Major Lazer - Turn Around ft. Elephant Man\r\nBob Marley - Could You Be Loved (RAC Remix)', 1, 0),
(284, 224, 28, 0, 1, '8cf0fa9374fab994c507231798127fa5ff4fd38c.mp3', '0b5faa4d4bc96e3337bd95bd87efe49c352a53f6.jpg', NULL, '2014-02-22 23:29:16', 0, '', 0, 0);
INSERT INTO `sets` (`id`, `artist_id`, `event_id`, `radiomix_id`, `genre_id`, `songURL`, `imageURL`, `date`, `datetime`, `popularity`, `tracklist`, `is_radiomix`, `is_deleted`) VALUES
(285, 100, 0, 24, 7, '166394a5abd94fdb02629c603534ea55a417fe63.mp3', '1a11f2aefb5a74b37c1395486632784199cc3a87.jpg', NULL, '2014-02-22 23:33:01', 0, 'Paloma Faith - Just Be (Distance Remix)\r\nEllie Goulding - Explosion (Gemini Remix)\r\nEptic - Gutter\r\nThe Others - Fallout\r\nTrollphace, Roto - Take It\r\nAraabMuzik - Succubi\r\nFigure - Brown Note\r\nZeds Dead - Rave (Fendi Ravestep Remix)\r\nSalva - Drop That B\r\nTaiki & Nulight - Take me Up\r\nZinc - Family Riddim\r\nMighty Dub Katz - Just Another Groove (Lookback Remix)\r\nKill The Noise (with Brillz & Minxx) - Saturn (Jay Cosmic Remix)\r\nKW Griff - Bring in the Katz featuring Pork Chop (Original Mix)\r\nWilkinson - Take You Higher (Foamo Remix)\r\nPosij - Duikbril\r\nSkoop - Baby Papu\r\nVelvetine - The Great Divide (Seven Lions Remix)\r\n12th Planet - Smoked Out\r\nETC!ETC!, Protohype - Bad Boy Flow\r\nSander Van Doorn - Joyenergizer\r\nDoorly - Rush ft Soraya Vivian\r\nGorgon City - Thor\r\nProxy - Cypher\r\nThe Upbeats - Diffused\r\nThesys - Propulsion\r\nQuentin Hiatus - September Rising\r\nDead C.A.T Bounce, Emily Underhill - Closer To Me (Dabin Remix)\r\nDJ Marky & S.P.Y - Yellow Shoes (Calibre Remix)\r\nNina Simone - Don''t Let Me Be Missunderstood (Zeds Dead Remix)\r\nYoung Digerati - Next Phase (Leisure Council Remix)\r\nZomboy - Here to Stay ft. Lady Chann\r\nMajor Lazer - Watch Out For This (Bumaye)\r\nNishin Verdiano & AK9 - Bitch Please (Receptor Remix)\r\nBiggie - Suicidal Thoughts', 1, 0),
(286, 225, 28, 0, 1, '51d134c51246936958a262c5e5eca37ea6fe8f77.mp3', '0b5faa4d4bc96e3337bd95bd87efe49c352a53f6.jpg', NULL, '2014-02-22 23:35:25', 0, '', 0, 0),
(287, 226, 19, 0, 1, '70e896c4d54f8a225d41a194c10b577bd45bcb95.mp3', '8994474591be22e473f12b200c4ae0d5ee63dad2.jpg', NULL, '2014-02-22 23:36:50', 0, '', 0, 0),
(288, 100, 0, 25, 7, '7fa63d1529e2f17d7dc9d91687a9bc669e07033d.mp3', '38efdebc18fadcdb1bcea55d70a05fdbac4acf31.jpg', NULL, '2014-02-22 23:38:57', 0, 'Girl Unit - Double Take\r\nG-Eazy ft. Carnage - Loaded\r\nMajor Lazer - Playground ft. Bugle and Arama\r\nHelecopter Showdown - Can U Feel Me (Antiserum Remix)\r\nZeds Dead - Ratchet\r\nBusta Rhymes - Why Stop Now ft. Chris Brown\r\nJamie Lidell - What A Shame (RL Grime and Salva Remix)\r\nZeds Dead and Omar LinX - Cowboy (UZ Remix)\r\nBig Boi - Fo Yo Sorrows ft. Too Short and George Clinton\r\nMinnesota ft. G-Jones - Be Alright\r\nJay - Dirt Off Your Shoulders (Brillz and Z-Trip Remix)\r\nTyler the Creator - Rusty ft. Domo Genesis and Earl Sweatshirt\r\nAraabMuzik - D.R.U.G.S.\r\nNoisia - Coud This Be (edit)\r\nOmar LinX - Come and Go', 1, 0),
(289, 100, 0, 26, 7, '860ca4a49ef1431aeed5b6a984a517ea0c19c595.mp3', '3f2d9c3b14bb2fae8189ba4923c60a14c9d62515.jpg', NULL, '2014-02-22 23:43:52', 0, 'Zeds Dead - Adrenaline \r\nZeds Dead - Hit Me\r\nZeds Dead - Rumble In the Jungle\r\nSébastien Tellier - Divine (Danger Remix Zeds Dead Re-Remix)\r\nZeds Dead & The Killabits - Bassmentality \r\nThe Electric - Toot Toot (Zeds Dead Remix)\r\nZeds Dead - Oh No', 1, 0),
(290, 227, 19, 0, 10, 'ce80d5cf3b67d20de5e50c664e6c4c0e5ce17de3.mp3', '8994474591be22e473f12b200c4ae0d5ee63dad2.jpg', NULL, '2014-02-22 23:49:36', 0, '', 0, 0),
(291, 228, 19, 0, 10, 'bd151673b754fb6f91946e0051516f78ea02aaa8.mp3', '8994474591be22e473f12b200c4ae0d5ee63dad2.jpg', NULL, '2014-02-22 23:58:12', 0, '', 0, 0),
(292, 229, 29, 0, 1, '81d71b9738dd1b421aef48dcb655c5f19ed008b6.mp3', 'bb9352b2c097f3086a6931e9491f597ebf252649.jpg', NULL, '2014-02-23 00:13:38', 0, '', 0, 0),
(293, 100, 0, 7, 7, 'f6ea76ce43a164ddff0f0d71b2c5f356f7740449.mp3', 'ce0a425de8178cf3b95c0eba115c6d3bb9d0679b.jpg', NULL, '2014-02-23 00:20:28', 0, '', 1, 0),
(294, 44, 29, 0, 1, '68dc590549da12fa7115fbdd40a2e9ce988acd05.mp3', 'bb9352b2c097f3086a6931e9491f597ebf252649.jpg', NULL, '2014-02-23 00:23:50', 0, '', 0, 0),
(295, 100, 0, 7, 7, 'f6ea76ce43a164ddff0f0d71b2c5f356f7740449.mp3', 'ce0a425de8178cf3b95c0eba115c6d3bb9d0679b.jpg', NULL, '2014-02-23 00:25:37', 0, '', 1, 1),
(296, 11, 29, 0, 1, '57534a89365184f763af81362c7ab74c8fb00100.mp3', 'bb9352b2c097f3086a6931e9491f597ebf252649.jpg', NULL, '2014-02-23 00:31:45', 0, '', 0, 0),
(297, 69, 29, 0, 1, '8c4295904c0d3e401335206eafd477e3653e5d47.mp3', 'bb9352b2c097f3086a6931e9491f597ebf252649.jpg', NULL, '2014-02-23 00:35:17', 0, '', 0, 0),
(298, 230, 19, 0, 10, 'bd151673b754fb6f91946e0051516f78ea02aaa8.mp3', '8994474591be22e473f12b200c4ae0d5ee63dad2.jpg', NULL, '2014-02-23 00:37:07', 0, '', 0, 0),
(299, 13, 29, 0, 1, '8acd5e32877785c192ab8a54297278745442535e.mp3', 'bb9352b2c097f3086a6931e9491f597ebf252649.jpg', NULL, '2014-02-23 00:40:19', 0, '', 0, 0),
(300, 50, 29, 0, 1, '5601517c959f73589b48365b4bbd1bdaacaa85b1.mp3', 'bb9352b2c097f3086a6931e9491f597ebf252649.jpg', NULL, '2014-02-23 00:46:10', 0, '', 0, 0),
(301, 231, 19, 0, 10, '43782ce86502e4dc95117b133d775e68ef64f2e0.mp3', '8994474591be22e473f12b200c4ae0d5ee63dad2.jpg', NULL, '2014-02-23 00:47:17', 0, '', 0, 0),
(302, 13, 0, 7, 1, 'af9065096d1d15c7ab3cd9c784983dcd3983246a.mp3', 'ce0a425de8178cf3b95c0eba115c6d3bb9d0679b.jpg', NULL, '2014-02-23 00:51:29', 0, '', 1, 0),
(303, 232, 19, 0, 10, '78f1af7ce92c4d448c133cf645b074cafdd205dc.mp3', '8994474591be22e473f12b200c4ae0d5ee63dad2.jpg', NULL, '2014-02-23 00:59:31', 0, '', 0, 0),
(304, 233, 29, 0, 1, '1312200cb994028c7535e25ca60a1a01dbb52ced.mp3', 'bb9352b2c097f3086a6931e9491f597ebf252649.jpg', NULL, '2014-02-23 01:01:44', 0, '', 0, 0),
(305, 234, 0, 7, 12, 'b6327dd5e48cad3a0e8101c10fe065fe27b6056a.mp3', 'ce0a425de8178cf3b95c0eba115c6d3bb9d0679b.jpg', NULL, '2014-02-23 01:01:45', 0, '', 1, 0),
(306, 235, 0, 7, 6, '3126bfc73717739a3802bfc5ce8bb5abe987e283.mp3', 'ce0a425de8178cf3b95c0eba115c6d3bb9d0679b.jpg', NULL, '2014-02-23 01:05:19', 0, '', 1, 0),
(307, 186, 0, 7, 5, '92da3c0efab3eb4e6e36a9d86748808e474274d1.mp3', 'ce0a425de8178cf3b95c0eba115c6d3bb9d0679b.jpg', NULL, '2014-02-23 01:29:30', 0, '', 1, 0),
(308, 236, 0, 7, 5, '574376b185801e9b6a577d4c8208a41b8b8acb94.mp3', 'ce0a425de8178cf3b95c0eba115c6d3bb9d0679b.jpg', NULL, '2014-02-23 01:34:59', 0, '', 1, 0),
(309, 23, 29, 0, 2, '5f81559e6cb02c0d10d61722157f02ffd8fa1ae8.mp3', 'bb9352b2c097f3086a6931e9491f597ebf252649.jpg', NULL, '2014-02-23 03:03:47', 0, '', 0, 0),
(310, 237, 19, 0, 10, '0cc5992e0ae22b3f9668e7b3b903ee45f2777fa3.mp3', '8994474591be22e473f12b200c4ae0d5ee63dad2.jpg', NULL, '2014-02-23 03:30:29', 0, '', 0, 0),
(311, 238, 0, 7, 5, '3f4744a9e0205b4e4b5d27ec8388ce25a2c63eb1.mp3', 'ce0a425de8178cf3b95c0eba115c6d3bb9d0679b.jpg', NULL, '2014-02-23 03:39:45', 0, '', 1, 0),
(312, 38, 0, 5, 5, '024407e9d07ff16abb31c73c6a3f15d493c658a2.mp3', 'ce0a425de8178cf3b95c0eba115c6d3bb9d0679b.jpg', NULL, '2014-02-23 04:01:54', 0, '', 1, 0),
(313, 38, 0, 7, 5, '', '', NULL, '2014-02-23 04:11:48', 0, '', 1, 1),
(314, 239, 19, 0, 10, 'db5db9d06dbd48c6e09d9aa2e83402a84a58b93c.mp3', '8994474591be22e473f12b200c4ae0d5ee63dad2.jpg', NULL, '2014-02-23 07:00:25', 0, '', 0, 0),
(315, 69, 21, 0, 1, '938a13ddecb99df78eac77166aece4df4633ce68.mp3', '323a7fbddcd157dc67aa3508a0a354d711d84b55.jpg', NULL, '2014-02-23 07:05:32', 0, '', 0, 0),
(316, 88, 28, 0, 1, 'b282e46093cacd48dbfeff3f2c7a9edd93083283.mp3', '0b5faa4d4bc96e3337bd95bd87efe49c352a53f6.jpg', NULL, '2014-02-23 07:12:25', 0, '', 0, 0),
(317, 240, 19, 0, 10, '31c4ce2ea8ccdcf076bbb1c1dcea93ee4c40e133.mp3', '8994474591be22e473f12b200c4ae0d5ee63dad2.jpg', NULL, '2014-02-23 07:22:19', 0, '', 0, 0),
(318, 83, 28, 0, 1, 'ec6fca2fdb3ad8ad0c292e463465fc1ad05a866c.mp3', '0b5faa4d4bc96e3337bd95bd87efe49c352a53f6.jpg', NULL, '2014-02-23 07:23:10', 0, '', 0, 0),
(319, 142, 21, 0, 2, 'fae85074498eab566209f67137ca9b19f513be7f.mp3', '323a7fbddcd157dc67aa3508a0a354d711d84b55.jpg', NULL, '2014-02-23 07:30:30', 0, '', 0, 0),
(320, 241, 19, 0, 10, 'e89aea7bca19312ace24628f3e76b3d6132d7aa7.mp3', '8994474591be22e473f12b200c4ae0d5ee63dad2.jpg', NULL, '2014-02-23 07:32:18', 0, '', 0, 0),
(321, 69, 28, 0, 1, '64379855cc8bae2a43e95ed896074dd88ab7668f.mp3', '0b5faa4d4bc96e3337bd95bd87efe49c352a53f6.jpg', NULL, '2014-02-23 07:34:38', 0, '', 0, 0),
(322, 50, 21, 0, 1, '0eb4bb6a1ad582860be73b532065bad467cfeb7e.mp3', '323a7fbddcd157dc67aa3508a0a354d711d84b55.jpg', NULL, '2014-02-23 07:38:01', 0, '', 0, 0),
(323, 137, 23, 0, 2, '0580115c458130594d96f625ea8b0367a0f8245f.mp3', 'dc60f3b7e284b27bdf0cb80ab4741a083769d6b0.jpg', NULL, '2014-02-23 07:42:11', 0, '', 0, 0),
(324, 158, 23, 0, 2, '5219aa8a65c5510b98cb6a69ba8d292812043f29.mp3', 'dc60f3b7e284b27bdf0cb80ab4741a083769d6b0.jpg', NULL, '2014-02-23 07:46:02', 0, '', 0, 0),
(325, 242, 23, 0, 2, '131c1cf7aa98f956ec7f3bb09ee23451d52a22b4.mp3', 'dc60f3b7e284b27bdf0cb80ab4741a083769d6b0.jpg', NULL, '2014-02-23 07:48:12', 0, '', 0, 0),
(326, 243, 23, 0, 2, 'ce2534392df78e07b3664cc92aa03f660b6d085e.mp3', 'dc60f3b7e284b27bdf0cb80ab4741a083769d6b0.jpg', NULL, '2014-02-23 07:52:06', 0, '', 0, 0),
(327, 103, 23, 0, 2, 'e749fab043989bbb09bc66aa921e665f81165186.mp3', 'dc60f3b7e284b27bdf0cb80ab4741a083769d6b0.jpg', NULL, '2014-02-23 07:55:14', 0, '', 0, 0),
(328, 36, 0, 5, 1, '5977750963956f309d71aa7413c5e7330d1eb3ff.mp3', '6b1c1f357048b522f66ed2d3f8a42605d9599788.jpg', NULL, '2014-02-23 08:48:43', 0, '', 0, 0),
(329, 102, 14, 0, 2, 'bfe6d231d37a5f82f72a155709f1343bc1c5a2f8.mp3', 'ea52841a3eb392026385229e616de65079345db5.jpg', NULL, '2014-02-23 21:08:10', 0, '', 0, 0),
(330, 244, 0, 22, 1, '3b6586d837fc1cc2a894af90a011e4f535dd234e.mp3', '8284e1d776fa49f393434bcdd66839fc89e6f23d.jpg', NULL, '2014-02-23 21:09:28', 0, '', 1, 0),
(331, 22, 14, 0, 8, '8e02dffb1b765545a0575fed46b670f853298235.mp3', 'ea52841a3eb392026385229e616de65079345db5.jpg', NULL, '2014-02-23 21:27:43', 0, '', 0, 0),
(332, 6, 14, 0, 1, '07837b5f0d178db19d5336fca602f10e7cf133a2.mp3', 'ea52841a3eb392026385229e616de65079345db5.jpg', NULL, '2014-02-23 21:36:44', 0, '', 0, 0),
(333, 31, 14, 0, 9, '6be79661f4373c053979381284dd6fd468c7c528.mp3', 'ea52841a3eb392026385229e616de65079345db5.jpg', NULL, '2014-02-23 21:45:37', 0, '', 0, 0),
(334, 92, 14, 0, 9, 'ff3df0076b3189ba1afea5800fd5b81b37684b45.mp3', 'ea52841a3eb392026385229e616de65079345db5.jpg', NULL, '2014-02-23 21:56:49', 0, '', 0, 0),
(335, 119, 14, 0, 6, '7e8ba65e8e13bbadb1dc79750e2fee4fdfe10d82.mp3', 'ea52841a3eb392026385229e616de65079345db5.jpg', NULL, '2014-02-23 22:04:19', 0, '', 0, 0),
(336, 96, 28, 0, 1, '44583ca27d8a65ed2b22ab4b0fe6a0aac81027a5.mp3', '0b5faa4d4bc96e3337bd95bd87efe49c352a53f6.jpg', NULL, '2014-02-23 22:37:13', 0, '', 0, 0),
(337, 245, 28, 0, 1, 'e1139d0eb54a43ac703bdd3d2351e64e749a94ed.mp3', '0b5faa4d4bc96e3337bd95bd87efe49c352a53f6.jpg', NULL, '2014-02-23 22:43:40', 0, '', 0, 0),
(338, 65, 14, 0, 1, 'eb195bb30fbf6003c729a27507193d8e6686f349.mp3', 'ea52841a3eb392026385229e616de65079345db5.jpg', NULL, '2014-02-24 00:58:36', 0, '', 0, 0),
(339, 49, 14, 0, 2, '3ac32c3cd0507f05ce68da9d1968ad6ebc540e03.mp3', 'ea52841a3eb392026385229e616de65079345db5.jpg', NULL, '2014-02-24 01:00:16', 0, '', 0, 0),
(340, 155, 14, 0, 1, 'b8908c9f06ed089c64ee4763a0a3389bb4161143.mp3', 'ea52841a3eb392026385229e616de65079345db5.jpg', NULL, '2014-02-24 01:34:05', 0, '', 0, 0),
(341, 246, 14, 0, 1, '4013f8b5255f52eb42ade52fa41f3a54e5f29925.mp3', 'ea52841a3eb392026385229e616de65079345db5.jpg', NULL, '2014-02-24 01:34:05', 0, '', 0, 0),
(342, 50, 28, 0, 1, '441e8b2f2aaaa970c42cf247320719b61e83520d.mp3', '0b5faa4d4bc96e3337bd95bd87efe49c352a53f6.jpg', NULL, '2014-02-24 01:45:29', 0, '', 0, 0),
(343, 46, 28, 0, 2, 'bbdd643a7af62fbd168abd4b3c4f67c4f0676524.mp3', '0b5faa4d4bc96e3337bd95bd87efe49c352a53f6.jpg', NULL, '2014-02-24 01:53:20', 0, '', 0, 0),
(344, 149, 14, 0, 6, '47a0be6234b28fc807584e37380d09120f4b9c53.mp3', 'ea52841a3eb392026385229e616de65079345db5.jpg', NULL, '2014-02-24 01:53:40', 0, '', 0, 0),
(345, 247, 14, 0, 1, '11fe2a8454793c10aa3e4cd9afcda31c17901e00.mp3', 'ea52841a3eb392026385229e616de65079345db5.jpg', NULL, '2014-02-24 02:03:21', 0, '', 0, 0),
(346, 152, 14, 0, 1, 'b178f3985de66f588c951640776f69b848069bfb.mp3', 'ea52841a3eb392026385229e616de65079345db5.jpg', NULL, '2014-02-24 02:04:22', 0, '', 0, 0),
(347, 248, 14, 0, 1, '9af1c29fae6fd9edd974ebf52c3e0d269d057e0b.mp3', 'ea52841a3eb392026385229e616de65079345db5.jpg', NULL, '2014-02-24 02:06:55', 0, '', 0, 0),
(348, 81, 14, 0, 1, '8215c5bbd619d609922354e5caf1e11486a737bc.mp3', 'ea52841a3eb392026385229e616de65079345db5.jpg', NULL, '2014-02-24 03:02:50', 0, '', 0, 0),
(349, 9, 1, 0, 2, '1080fa624bba5bd47cebafeb497dbdbad22dbfb8.mp3', 'b74d504f1cb62df8ac52ed0e963906de0ac6ad7a.jpg', NULL, '2014-02-24 03:25:58', 0, '', 0, 0),
(350, 96, 1, 0, 2, 'a34cbf4b5454e3b36f6007e2c2431fb8c1ebe793.mp3', 'b74d504f1cb62df8ac52ed0e963906de0ac6ad7a.jpg', NULL, '2014-02-24 03:26:40', 0, '', 0, 0),
(351, 50, 1, 0, 8, '91a02c9992c56c67d6927fc9871c6a7b92fa6d36.mp3', 'b74d504f1cb62df8ac52ed0e963906de0ac6ad7a.jpg', NULL, '2014-02-24 03:31:00', 0, '', 0, 0),
(352, 195, 1, 0, 2, '778fc5e8563b9a514969dd5ca0a21a8fb2584dc9.mp3', 'b74d504f1cb62df8ac52ed0e963906de0ac6ad7a.jpg', NULL, '2014-02-24 03:32:06', 0, '', 0, 0),
(353, 152, 1, 0, 1, '39b3fe3887c672237d8b8d1dbf815cc8937f4435.mp3', 'b74d504f1cb62df8ac52ed0e963906de0ac6ad7a.jpg', NULL, '2014-02-24 04:47:44', 0, '', 0, 0),
(354, 249, 1, 0, 12, '', '', NULL, '2014-02-24 05:42:48', 0, '', 0, 1),
(355, 108, 1, 0, 1, 'e53eaaa617564f538366b2ad79963ed1276703fe.mp3', 'b74d504f1cb62df8ac52ed0e963906de0ac6ad7a.jpg', NULL, '2014-02-24 08:14:57', 0, '', 0, 0),
(356, 115, 1, 0, 7, '3017adc018d09c179508dd2838fde9807f243d6c.mp3', 'b74d504f1cb62df8ac52ed0e963906de0ac6ad7a.jpg', NULL, '2014-02-24 08:18:08', 0, '', 0, 0),
(357, 250, 1, 0, 13, 'f6243a4ca514453444ccb14a0f01225916eb7e17.mp3', 'b74d504f1cb62df8ac52ed0e963906de0ac6ad7a.jpg', NULL, '2014-02-24 08:36:51', 0, '', 0, 0),
(358, 251, 1, 0, 1, '2f7bccdc42214729f41f0bd17dafb9ac5aa5efca.mp3', 'b74d504f1cb62df8ac52ed0e963906de0ac6ad7a.jpg', NULL, '2014-02-24 08:38:28', 0, '', 0, 0),
(359, 252, 1, 0, 14, '33fd1a4524d9082e8d0e4271e9186fe7a3292b8e.mp3', 'b74d504f1cb62df8ac52ed0e963906de0ac6ad7a.jpg', NULL, '2014-02-24 09:12:11', 0, '', 0, 0),
(360, 253, 1, 0, 13, '00dd006948cdbbe5045c74e4cdccb87a1f79525e.mp3', 'b74d504f1cb62df8ac52ed0e963906de0ac6ad7a.jpg', NULL, '2014-02-24 09:15:47', 0, '', 0, 0),
(361, 254, 1, 0, 6, 'a9d67fe98ee2c159821ea6dd4a4637ba4b3011ef.mp3', 'b74d504f1cb62df8ac52ed0e963906de0ac6ad7a.jpg', NULL, '2014-02-24 09:18:34', 0, '', 0, 0),
(362, 7, 1, 0, 1, 'c62a0c149598d71d0bee47d9608d311fa89027cd.mp3', 'b74d504f1cb62df8ac52ed0e963906de0ac6ad7a.jpg', NULL, '2014-02-24 09:20:53', 0, '', 0, 0),
(363, 9, 1, 0, 2, '9a468617de855e2196044c8029764211788bc6a4.mp3', 'b74d504f1cb62df8ac52ed0e963906de0ac6ad7a.jpg', NULL, '2014-02-24 09:27:30', 0, '', 0, 0),
(364, 44, 1, 0, 15, 'f3085542123882410a8eb807f1769f41b3019b87.mp3', 'b74d504f1cb62df8ac52ed0e963906de0ac6ad7a.jpg', NULL, '2014-02-24 09:32:31', 0, '', 0, 0),
(365, 50, 1, 0, 8, '10045dec5dff86cfc1c5501277f3785060485553.mp3', 'b74d504f1cb62df8ac52ed0e963906de0ac6ad7a.jpg', NULL, '2014-02-24 09:42:27', 0, '', 0, 0),
(366, 96, 1, 0, 8, '23a73a2bb77d9b0a43d6b364bfffd11cafbdf89a.mp3', 'b74d504f1cb62df8ac52ed0e963906de0ac6ad7a.jpg', NULL, '2014-02-24 09:57:14', 0, '', 0, 0),
(367, 255, 0, 22, 2, '5dbb4d89343588263d7726534a52fa9757abb359.mp3', '8284e1d776fa49f393434bcdd66839fc89e6f23d.jpg', NULL, '2014-02-24 19:20:46', 0, '', 1, 0),
(368, 256, 0, 22, 3, '80484fd76c2b8625b2c1b59edf12b4739bc5ea8b.mp3', '8284e1d776fa49f393434bcdd66839fc89e6f23d.jpg', NULL, '2014-02-24 19:35:27', 0, '', 1, 0),
(369, 257, 0, 22, 7, '8c2b715a64ee8145d787af2ec30866a12a0e0185.mp3', '8284e1d776fa49f393434bcdd66839fc89e6f23d.jpg', NULL, '2014-02-24 20:10:44', 0, '', 1, 0),
(370, 258, 0, 22, 2, '4ab057bc3bbfe9b26dbc0f3c10e71d46013e5209.mp3', '8284e1d776fa49f393434bcdd66839fc89e6f23d.jpg', NULL, '2014-02-24 20:18:40', 0, '', 1, 0),
(371, 259, 17, 0, 7, '0488dc4159977de3a2e028772c98f7413be23fe2.mp3', '90ee28fffa3fc582bf218e6a5482eb08b45dda14.jpg', NULL, '2014-02-24 20:38:01', 0, '', 0, 0),
(372, 54, 5, 0, 6, '7c7418ef5d53798b88ced8fccbd2d11b75cac0a2.mp3', '1f6c17e7b18ffbc877f866311e6ff6411e69daf5.jpeg', NULL, '2014-02-24 20:38:57', 0, '', 0, 1),
(373, 61, 5, 0, 4, '9a0be66bf4272a29ca1ffe3ee0cc21fe50eecb68.mp3', '1f6c17e7b18ffbc877f866311e6ff6411e69daf5.jpeg', NULL, '2014-02-24 20:40:05', 0, '', 0, 0),
(374, 69, 5, 0, 1, '2e6c053979e7f729508b40b07375f9566d9f40dd.mp3', '1f6c17e7b18ffbc877f866311e6ff6411e69daf5.jpeg', NULL, '2014-02-24 20:40:57', 0, '', 0, 0),
(375, 221, 5, 0, 1, '0e9285da3dd78bad2c9d31a6b4abffb13b49d451.mp3', '1f6c17e7b18ffbc877f866311e6ff6411e69daf5.jpeg', NULL, '2014-02-24 20:42:41', 0, '', 0, 0),
(376, 76, 5, 0, 8, '4bdf3171783476e95c297761b259cff75ed05b68.mp3', '1f6c17e7b18ffbc877f866311e6ff6411e69daf5.jpeg', NULL, '2014-02-24 20:44:08', 0, '', 0, 0),
(377, 91, 5, 0, 1, 'c8162ecba139b4003e05d8d5b64a98715463d46f.mp3', '1f6c17e7b18ffbc877f866311e6ff6411e69daf5.jpeg', NULL, '2014-02-24 20:44:33', 0, '', 0, 0),
(378, 100, 5, 0, 7, '1496816393fde75533ae245b830e4b50a6da4264.mp3', '1f6c17e7b18ffbc877f866311e6ff6411e69daf5.jpeg', NULL, '2014-02-24 20:44:58', 0, '', 0, 1),
(379, 7, 30, 0, 8, '010f850913608f667bdb06d6f29357817329cb10.mp3', '2ced4e7f33140049bb24571ace43e8633ab53ed2.jpg', NULL, '2014-02-24 20:51:33', 0, '', 0, 0),
(380, 19, 5, 0, 7, '70a0659372b3c81c36226c18e389478ce641905d.mp3', '1f6c17e7b18ffbc877f866311e6ff6411e69daf5.jpeg', NULL, '2014-02-24 20:57:27', 0, '', 0, 0),
(381, 18, 5, 0, 1, '29a67934b2c0ef1707586e66039adec7a77b0c19.mp3', '1f6c17e7b18ffbc877f866311e6ff6411e69daf5.jpeg', NULL, '2014-02-24 20:57:56', 0, '', 0, 0),
(382, 22, 5, 0, 8, '1e843299d2088e630a0e7fe0755ed4b9a207493e.mp3', '1f6c17e7b18ffbc877f866311e6ff6411e69daf5.jpeg', NULL, '2014-02-24 20:58:34', 0, '', 0, 0),
(383, 23, 30, 0, 3, 'a22f9cd6c5e4ff8ab5b7d09a01654da014e371a1.mp3', '2ced4e7f33140049bb24571ace43e8633ab53ed2.jpg', NULL, '2014-02-24 21:05:21', 0, '', 0, 0),
(384, 34, 30, 0, 1, '308b5ab6f0816e42e6149e6473dc90d99b15b6f8.mp3', '2ced4e7f33140049bb24571ace43e8633ab53ed2.jpg', NULL, '2014-02-24 21:06:14', 0, '', 0, 0),
(385, 43, 30, 0, 1, 'db8f941d4ea5ebebe7e72f7dc27dc7c4588aa294.mp3', '2ced4e7f33140049bb24571ace43e8633ab53ed2.jpg', NULL, '2014-02-24 21:06:56', 0, '', 0, 0),
(386, 64, 30, 0, 1, '820b97268f61b52734eeb03cfdf928bf26684e32.mp3', '2ced4e7f33140049bb24571ace43e8633ab53ed2.jpg', NULL, '2014-02-24 21:08:20', 0, '', 0, 0),
(387, 56, 30, 0, 8, 'dba9f365ee48f1d41c1c64bbcb227ad8d16da523.mp3', '2ced4e7f33140049bb24571ace43e8633ab53ed2.jpg', NULL, '2014-02-24 21:09:06', 0, '', 0, 0),
(388, 150, 30, 0, 7, '84934489f839f296371e5d4f833edceb158f6abc.mp3', '2ced4e7f33140049bb24571ace43e8633ab53ed2.jpg', NULL, '2014-02-24 21:09:37', 0, '', 0, 0),
(389, 89, 30, 0, 8, 'f29d869b57ba2c9556015460df9f5d4c6b3bcfea.mp3', '2ced4e7f33140049bb24571ace43e8633ab53ed2.jpg', NULL, '2014-02-24 21:10:05', 0, '', 0, 0),
(390, 260, 1, 0, 13, '1c4f40d163ca12b9b231760ed4581c2f6ce54e37.mp3', 'b74d504f1cb62df8ac52ed0e963906de0ac6ad7a.jpg', NULL, '2014-02-24 21:36:09', 0, '', 0, 0),
(391, 261, 1, 0, 16, '', '', NULL, '2014-02-24 21:37:07', 0, '', 0, 1),
(392, 262, 1, 0, 17, '64e4679450ccc33c233222abcc92e099addd82b7.mp3', 'b74d504f1cb62df8ac52ed0e963906de0ac6ad7a.jpg', NULL, '2014-02-24 21:38:23', 0, '', 0, 0),
(393, 263, 1, 0, 17, '6290efc46eccde58d02a43c8ca52bb56824f93c3.mp3', 'b74d504f1cb62df8ac52ed0e963906de0ac6ad7a.jpg', NULL, '2014-02-24 21:47:08', 0, '', 0, 0),
(394, 261, 1, 0, 16, 'bc13ec6214d4044ebfe948e1b6f54ec2055af598.mp3', 'b74d504f1cb62df8ac52ed0e963906de0ac6ad7a.jpg', NULL, '2014-02-24 21:48:03', 0, '', 0, 0),
(395, 264, 1, 0, 17, '0e8e4dee5fbdb08fea1a00bae9141cbe0b31795c.mp3', 'b74d504f1cb62df8ac52ed0e963906de0ac6ad7a.jpg', NULL, '2014-02-24 21:58:44', 0, '', 0, 0),
(396, 7, 16, 0, 8, '', '5d397d27bbd628eabea4ebe4095bd7e6635d1c2a.jpeg', NULL, '2014-02-24 21:59:12', 0, '', 0, 1),
(397, 44, 16, 0, 1, '', '5d397d27bbd628eabea4ebe4095bd7e6635d1c2a.jpeg', NULL, '2014-02-24 22:00:45', 0, '', 0, 1),
(398, 50, 16, 0, 8, '', '5d397d27bbd628eabea4ebe4095bd7e6635d1c2a.jpeg', NULL, '2014-02-24 22:01:50', 0, '', 0, 1),
(399, 265, 1, 0, 1, '6e325ce1be160a9f39fa7fa8b37e9b8d2dba66c1.mp3', 'b74d504f1cb62df8ac52ed0e963906de0ac6ad7a.jpg', NULL, '2014-02-24 22:03:25', 0, '', 0, 0),
(400, 50, 16, 0, 8, '6c653ebb3b0ea27074a9f824ca92769e89b2e77e.mp3', '5d397d27bbd628eabea4ebe4095bd7e6635d1c2a.jpeg', NULL, '2014-02-24 22:10:03', 0, '', 0, 0),
(401, 96, 16, 0, 1, '', '5d397d27bbd628eabea4ebe4095bd7e6635d1c2a.jpeg', NULL, '2014-02-24 22:12:37', 0, '', 0, 1),
(402, 266, 1, 0, 17, '94c5e76366f0abece89f3d2ddf95322e2a52cbfd.mp3', 'b74d504f1cb62df8ac52ed0e963906de0ac6ad7a.jpg', NULL, '2014-02-24 22:15:19', 0, '', 0, 0),
(403, 100, 6, 0, 7, '6236db3a63e7b0be2ca9a0a9f07eb158e6080ddf.mp3', 'b3aa67fddca3e7cc988041e6cc9a699a4cc959bb.jpg', NULL, '2014-02-24 22:15:57', 0, '', 0, 0),
(404, 267, 1, 0, 3, '25ab5897477de80b15b86894bf53314c255ffb7e.mp3', 'b74d504f1cb62df8ac52ed0e963906de0ac6ad7a.jpg', NULL, '2014-02-24 22:16:18', 0, '', 0, 0),
(405, 7, 16, 0, 8, 'f2dcb7f71bc1448fadbce96cfe61d73029e3fa32.mp3', '5d397d27bbd628eabea4ebe4095bd7e6635d1c2a.jpeg', NULL, '2014-02-24 22:18:14', 0, '', 0, 0),
(406, 44, 16, 0, 1, '07839c36529374e1926c4c3482544f9e8a273a6e.mp3', '5d397d27bbd628eabea4ebe4095bd7e6635d1c2a.jpeg', NULL, '2014-02-24 22:18:43', 0, '', 0, 0),
(407, 108, 16, 0, 15, '', '5d397d27bbd628eabea4ebe4095bd7e6635d1c2a.jpeg', NULL, '2014-02-24 22:19:26', 0, '', 0, 0),
(408, 268, 1, 0, 17, 'af7d1248693a85beb01cedd0aa0289d74da87c95.mp3', 'b74d504f1cb62df8ac52ed0e963906de0ac6ad7a.jpg', NULL, '2014-02-24 22:22:27', 0, '', 0, 0),
(409, 6, 31, 0, 15, 'df08c74efacb07c67c57f40b696d92f975044f1e.mp3', 'ae91a034326a29a6f080fa0e35788656828c6c75.jpg', NULL, '2014-02-24 22:23:38', 0, '', 0, 0),
(410, 13, 31, 0, 1, '5f2d119e3f96327ca7c3aa77327afdad3456cdb1.mp3', 'ae91a034326a29a6f080fa0e35788656828c6c75.jpg', NULL, '2014-02-24 22:24:19', 0, '', 0, 0),
(411, 22, 31, 0, 8, '93a487762d6474361cb88a1680c5bf6df40349dc.mp3', '0e62508c6596d17e6e8bd1aa55bf9d9d92822e1e.jpg', NULL, '2014-02-24 22:25:15', 0, '', 0, 0),
(412, 81, 31, 0, 8, '3091f4d9d650eab42b4ccd184e36d09db5e15636.mp3', '0e62508c6596d17e6e8bd1aa55bf9d9d92822e1e.jpg', NULL, '2014-02-24 22:26:10', 0, '', 0, 0),
(413, 60, 31, 0, 9, '8083b3823f252bbdd3f0edc5171478884e2fc1d5.mp3', '0e62508c6596d17e6e8bd1aa55bf9d9d92822e1e.jpg', NULL, '2014-02-24 22:27:09', 0, '', 0, 0),
(414, 96, 17, 0, 2, '4755cb25ee3d21266959b5211cb262daefc6fc85.mp3', '90ee28fffa3fc582bf218e6a5482eb08b45dda14.jpg', NULL, '2014-02-24 22:28:12', 0, '', 0, 0),
(415, 108, 16, 0, 15, '0f5d71dd3295fb9887da97ee0aa8d8aa525dbf94.mp3', '5d397d27bbd628eabea4ebe4095bd7e6635d1c2a.jpeg', NULL, '2014-02-24 22:28:47', 0, '', 0, 0),
(416, 269, 1, 0, 17, '9eb403391749103253050d9a5430cc342d640875.mp3', 'b74d504f1cb62df8ac52ed0e963906de0ac6ad7a.jpg', NULL, '2014-02-24 22:31:58', 0, '', 0, 0),
(417, 268, 1, 0, 17, 'af7d1248693a85beb01cedd0aa0289d74da87c95.mp3', 'b74d504f1cb62df8ac52ed0e963906de0ac6ad7a.jpg', NULL, '2014-02-24 22:34:06', 0, '', 0, 0),
(418, 270, 1, 0, 17, '89ade03378379995f1f6c71151f141327d4aad36.mp3', 'b74d504f1cb62df8ac52ed0e963906de0ac6ad7a.jpg', NULL, '2014-02-24 22:39:35', 0, '', 0, 0),
(419, 152, 17, 0, 15, '01f84dc9240095fa25cbd4f4b734c5419caf5dfa.mp3', '90ee28fffa3fc582bf218e6a5482eb08b45dda14.jpg', NULL, '2014-02-24 22:40:55', 0, '', 0, 0),
(420, 271, 17, 0, 7, '3ca741621fbd98db59a4d7ab201c70823ddc5259.mp3', '90ee28fffa3fc582bf218e6a5482eb08b45dda14.jpg', NULL, '2014-02-24 22:41:46', 0, '', 0, 0),
(421, 51, 1, 0, 10, 'f965d4dc616b1cc17d095f6ce76ef7d17bc2a115.mp3', 'b74d504f1cb62df8ac52ed0e963906de0ac6ad7a.jpg', NULL, '2014-02-24 22:42:23', 0, '', 0, 0),
(422, 82, 17, 0, 7, '142d36e49801f5036e72defb5fc962c20492f1fc.mp3', '90ee28fffa3fc582bf218e6a5482eb08b45dda14.jpg', NULL, '2014-02-24 22:43:00', 0, '', 0, 0),
(423, 78, 17, 0, 3, 'b84a9399bcc720bb4abea28f35f3f44406215121.mp3', '90ee28fffa3fc582bf218e6a5482eb08b45dda14.jpg', NULL, '2014-02-24 22:43:36', 0, '', 0, 0),
(424, 72, 17, 0, 9, 'a0ace0c1e403fb31efb7e02d00ff5f3d20cb0078.mp3', '90ee28fffa3fc582bf218e6a5482eb08b45dda14.jpg', NULL, '2014-02-24 22:44:41', 0, '', 0, 0),
(425, 73, 17, 0, 16, '1c7b69ad70fef0f44bf8bc7d7fe809e2662d9605.mp3', '90ee28fffa3fc582bf218e6a5482eb08b45dda14.jpg', NULL, '2014-02-24 22:47:06', 0, '', 0, 0),
(426, 70, 17, 0, 2, 'a75b119f148abda7df383ba2c08f8219a86df1b3.mp3', '90ee28fffa3fc582bf218e6a5482eb08b45dda14.jpg', NULL, '2014-02-24 22:48:12', 0, '', 0, 0),
(427, 60, 17, 0, 9, '1a64960f7999e3aa68e137a69ef36551d73d8418.mp3', '90ee28fffa3fc582bf218e6a5482eb08b45dda14.jpg', NULL, '2014-02-24 22:49:00', 0, '', 0, 0),
(428, 123, 1, 0, 10, 'a9b61dbb85bf22c02cf3a637bae8475dfd7e4584.mp3', 'b74d504f1cb62df8ac52ed0e963906de0ac6ad7a.jpg', NULL, '2014-02-24 22:49:16', 0, '', 0, 0),
(429, 272, 17, 0, 7, '262249b87eeb17ff9eef5461c5c7ede2c3f8db81.mp3', '90ee28fffa3fc582bf218e6a5482eb08b45dda14.jpg', NULL, '2014-02-24 22:49:59', 0, '', 0, 0),
(430, 54, 17, 0, 9, 'f0db308c19f8411208304a368d9263a90c1a60b2.mp3', '90ee28fffa3fc582bf218e6a5482eb08b45dda14.jpg', NULL, '2014-02-24 22:50:46', 0, '', 0, 0),
(431, 273, 1, 0, 10, 'b775d4a5d69883a10054f9d86e694925799d8081.mp3', 'b74d504f1cb62df8ac52ed0e963906de0ac6ad7a.jpg', NULL, '2014-02-24 22:52:41', 0, '', 0, 0),
(432, 111, 1, 0, 8, '40022a8396ebad7106a82d8c0a8babdb6ee672a6.mp3', 'b74d504f1cb62df8ac52ed0e963906de0ac6ad7a.jpg', NULL, '2014-02-24 22:56:01', 0, '', 0, 0),
(433, 83, 1, 0, 10, '703f5ee39f707335e010b687b386e974ca3a6c21.mp3', 'b74d504f1cb62df8ac52ed0e963906de0ac6ad7a.jpg', NULL, '2014-02-24 22:58:23', 0, '', 0, 0),
(434, 274, 1, 0, 13, '1b515abc4796d3d59d112085cb7b6231af02db50.mp3', 'b74d504f1cb62df8ac52ed0e963906de0ac6ad7a.jpg', NULL, '2014-02-24 23:04:09', 0, '', 0, 0),
(435, 275, 1, 0, 17, 'c6fc82c501d4ffbadbe0ef0bb1c8c1823bb58d88.mp3', 'b74d504f1cb62df8ac52ed0e963906de0ac6ad7a.jpg', NULL, '2014-02-24 23:08:07', 0, '', 0, 0),
(436, 276, 1, 0, 13, 'bee845bd42046335b15928ea38bba72d3444bbb7.mp3', 'b74d504f1cb62df8ac52ed0e963906de0ac6ad7a.jpg', NULL, '2014-02-24 23:10:59', 0, '', 0, 0),
(437, 277, 1, 0, 1, '0853c5741c3cbac012d898041553d8102c202928.mp3', 'b74d504f1cb62df8ac52ed0e963906de0ac6ad7a.jpg', NULL, '2014-02-24 23:12:43', 0, '', 0, 0),
(438, 166, 1, 0, 8, 'd2c7689286f68ce4f1294d96a53084fc5c849781.mp3', 'b74d504f1cb62df8ac52ed0e963906de0ac6ad7a.jpg', NULL, '2014-02-24 23:19:00', 0, '', 0, 0),
(439, 278, 1, 0, 17, '871ab2aa5d8c606e7caddca330b76b58b5c0d649.mp3', 'b74d504f1cb62df8ac52ed0e963906de0ac6ad7a.jpg', NULL, '2014-02-24 23:22:08', 0, '', 0, 0),
(440, 279, 1, 0, 13, 'a17c6d2f3c4df8b3a98650ad45c23b19bf499811.mp3', 'b74d504f1cb62df8ac52ed0e963906de0ac6ad7a.jpg', NULL, '2014-02-24 23:28:00', 0, '', 0, 0),
(441, 280, 1, 0, 17, 'bcd28e1874117cfb69382253ab4c09de1f342dbf.mp3', 'b74d504f1cb62df8ac52ed0e963906de0ac6ad7a.jpg', NULL, '2014-02-24 23:29:50', 0, '', 0, 0),
(442, 58, 1, 0, 3, 'eecca10e8eeb6741b4ca1078b3506428ec02d923.mp3', 'b74d504f1cb62df8ac52ed0e963906de0ac6ad7a.jpg', NULL, '2014-02-25 04:43:43', 0, '', 0, 0),
(443, 281, 32, 0, 1, 'dcf3637b63b9abcd7a5d41fb4dd65b0e0ef841bd.mp3', 'f5bfc4574bdf60a2e2e10e3f1b51bfd38376c364.jpg', NULL, '2014-02-25 04:46:37', 0, '', 0, 1),
(444, 24, 3, 0, 5, '27d7b48365434c1340a2fcb78620712369d36b79.mp3', 'ba78896e11c0fdb505f91d2b1a59e38dd0b1b987.jpg', NULL, '2014-02-25 04:56:35', 0, '', 0, 0),
(445, 31, 33, 0, 1, 'dcf3637b63b9abcd7a5d41fb4dd65b0e0ef841bd.mp3', 'f5bfc4574bdf60a2e2e10e3f1b51bfd38376c364.jpg', NULL, '2014-02-25 04:57:34', 0, '', 0, 1),
(446, 281, 34, 0, 1, 'dcf3637b63b9abcd7a5d41fb4dd65b0e0ef841bd.mp3', 'f5bfc4574bdf60a2e2e10e3f1b51bfd38376c364.jpg', NULL, '2014-02-25 05:03:35', 0, '', 0, 0),
(447, 282, 3, 0, 6, '185347c9a1083f6c936f09cb4029e99b34c95b16.mp3', 'ba78896e11c0fdb505f91d2b1a59e38dd0b1b987.jpg', NULL, '2014-02-25 05:08:25', 0, '', 0, 0),
(448, 283, 28, 0, 1, '4fce5cf193e2da068d88e367209a2c98af87a94d.mp3', 'f5bfc4574bdf60a2e2e10e3f1b51bfd38376c364.jpg', NULL, '2014-02-25 05:09:07', 0, '', 0, 0),
(449, 218, 3, 0, 6, '64920075bec14fd4517d715d560b311113a15747.mp3', 'ba78896e11c0fdb505f91d2b1a59e38dd0b1b987.jpg', NULL, '2014-02-25 05:17:52', 0, '', 0, 0),
(450, 284, 34, 0, 3, '4d79405c95b2eb019cc0304b3f37aabf5c808245.mp3', 'f5bfc4574bdf60a2e2e10e3f1b51bfd38376c364.jpg', NULL, '2014-02-25 05:21:11', 0, '', 0, 0),
(451, 87, 34, 0, 1, '8abebc5d57969ef32a1fcdcd3d1f51626b867eeb.mp3', 'f5bfc4574bdf60a2e2e10e3f1b51bfd38376c364.jpg', NULL, '2014-02-25 05:25:54', 0, '', 0, 0),
(452, 285, 35, 0, 1, '32793b417ecdf24d32d5b882ca02a2cd75b25f6e.mp3', 'f8ea5efbdf140e44f9a0e454db7aa9251109a854.jpg', NULL, '2014-02-25 05:37:49', 0, '', 0, 0),
(453, 284, 35, 0, 1, 'd77f3219c6d27ef93df53033566c58fa06a91021.mp3', 'f8ea5efbdf140e44f9a0e454db7aa9251109a854.jpg', NULL, '2014-02-25 05:43:18', 0, '', 0, 0),
(454, 286, 34, 0, 3, 'a1ed144f240b5dc8dcfba5dbc7de22657b23f056.mp3', 'f5bfc4574bdf60a2e2e10e3f1b51bfd38376c364.jpg', NULL, '2014-02-25 05:44:43', 0, '', 0, 0),
(455, 49, 35, 0, 1, '41fe322ed1e38f066342e673a598c434c92ec37b.mp3', 'f8ea5efbdf140e44f9a0e454db7aa9251109a854.jpg', NULL, '2014-02-25 05:52:00', 0, '', 0, 0),
(456, 287, 35, 0, 1, '980443b4c78b3e9fcc81779037c8865b16a28a06.mp3', 'f8ea5efbdf140e44f9a0e454db7aa9251109a854.jpg', NULL, '2014-02-25 05:55:12', 0, '', 0, 0),
(457, 23, 35, 0, 1, 'aa0844edb4d76a3c660842932ef61c4716e5f05e.mp3', 'f8ea5efbdf140e44f9a0e454db7aa9251109a854.jpg', NULL, '2014-02-25 06:06:35', 0, '', 0, 0),
(458, 288, 1, 0, 13, '9f6957f5c33a7805fb46f406b7eb7678844b65c7.mp3', 'b74d504f1cb62df8ac52ed0e963906de0ac6ad7a.jpg', NULL, '2014-02-25 06:07:56', 0, '', 0, 0),
(459, 105, 3, 0, 7, '6c67815b737735deebedb11a4f3213e28d420d6d.mp3', 'ba78896e11c0fdb505f91d2b1a59e38dd0b1b987.jpg', NULL, '2014-02-25 06:10:08', 0, '', 0, 0),
(460, 23, 35, 0, 1, 'aa0844edb4d76a3c660842932ef61c4716e5f05e.mp3', 'f8ea5efbdf140e44f9a0e454db7aa9251109a854.jpg', NULL, '2014-02-25 06:16:05', 0, '', 0, 0),
(461, 289, 35, 0, 1, '7e75efc5101a57ba71bcfda13c53119a1f5406af.mp3', 'f8ea5efbdf140e44f9a0e454db7aa9251109a854.jpg', NULL, '2014-02-25 06:26:50', 0, '', 0, 0),
(462, 290, 1, 0, 6, '56c7cf0503214a1ef3b2fe44d88c7cf240c384f4.mp3', 'b74d504f1cb62df8ac52ed0e963906de0ac6ad7a.jpg', NULL, '2014-02-25 06:46:50', 0, '', 0, 0),
(463, 291, 1, 0, 13, '19ac8e734f6436a93a3690bdf71342f18e2d1d6a.mp3', 'b74d504f1cb62df8ac52ed0e963906de0ac6ad7a.jpg', NULL, '2014-02-25 06:54:30', 0, '', 0, 0),
(464, 22, 1, 0, 8, 'fc411af358a539960208bb261857a1d98261d766.mp3', 'b74d504f1cb62df8ac52ed0e963906de0ac6ad7a.jpg', NULL, '2014-02-25 06:57:27', 0, '', 0, 0),
(465, 292, 35, 0, 1, '766da057e0799707d337e67685ebf58c784071f7.mp3', 'f8ea5efbdf140e44f9a0e454db7aa9251109a854.jpg', NULL, '2014-02-25 07:17:27', 0, '', 0, 0),
(466, 266, 35, 0, 1, '3ba26e6af028a2488498af0d588d0506b540390c.mp3', 'f8ea5efbdf140e44f9a0e454db7aa9251109a854.jpg', NULL, '2014-02-25 07:24:01', 0, '', 0, 0),
(467, 289, 1, 0, 9, '88dbc72fcac63b3ee7668e5657764c0b362a7a21.mp3', 'b74d504f1cb62df8ac52ed0e963906de0ac6ad7a.jpg', NULL, '2014-02-25 07:27:40', 0, '', 0, 0),
(468, 293, 35, 0, 1, 'bcbafea983efc30341601b6d6956ec521f424e2a.mp3', 'f8ea5efbdf140e44f9a0e454db7aa9251109a854.jpg', NULL, '2014-02-25 07:37:12', 0, '', 0, 0),
(469, 294, 0, 5, 1, '3055488967ebd2ef71cbd9ad3abc8abb672608e4.mp3', '565e37f1dbaa3da48c0e84a0ada3053fdf82e705.jpg', NULL, '2014-02-25 07:39:01', 0, '', 1, 0),
(470, 118, 0, 27, 1, 'f0b2b7322ff756e46f7351a7f53147b49dd52684.mp3', '6d9d516977c3584fc0e7a3f72bf9c7769bc6ad8a.jpg', NULL, '2014-02-25 16:33:16', 0, '', 1, 0),
(471, 118, 0, 27, 1, '5f01c9fd9554f1fddc2c614bd9b20eead8490495.mp3', '6d9d516977c3584fc0e7a3f72bf9c7769bc6ad8a.jpg', NULL, '2014-02-25 16:36:39', 0, '', 1, 0),
(472, 118, 0, 27, 1, '28566014500fe65df2ccb511add69744444e89d5.mp3', '6d9d516977c3584fc0e7a3f72bf9c7769bc6ad8a.jpg', NULL, '2014-02-25 16:38:04', 0, '', 1, 0),
(473, 118, 0, 27, 1, '34920847daf8f80feec8b5059fd74226c80291d3.mp3', '6d9d516977c3584fc0e7a3f72bf9c7769bc6ad8a.jpg', NULL, '2014-02-25 16:41:45', 0, '', 1, 0),
(474, 96, 16, 0, 2, '1b96aff2542a0e5bde996a3555995b283a38eeda.mp3', '5d397d27bbd628eabea4ebe4095bd7e6635d1c2a.jpeg', NULL, '2014-02-25 21:29:07', 0, '', 0, 0),
(475, 118, 0, 27, 1, '4a382f1f856825f56293fef36ed52a3f6e0d3023.mp3', '6d9d516977c3584fc0e7a3f72bf9c7769bc6ad8a.jpg', NULL, '2014-02-26 01:45:04', 0, '', 1, 0),
(476, 13, 5, 0, 1, '5dde639e9be15c63349cf91b458eef6cc7f081c6.mp3', '1f6c17e7b18ffbc877f866311e6ff6411e69daf5.jpeg', NULL, '2014-02-26 02:00:25', 0, '', 0, 0),
(477, 118, 0, 27, 1, 'd9ed788fb6075483b33a37cbd0364a2b42693103.mp3', '6d9d516977c3584fc0e7a3f72bf9c7769bc6ad8a.jpg', NULL, '2014-02-26 02:03:43', 0, '', 1, 0),
(478, 295, 6, 0, 8, '25192b947ec7ec14333a3f955c7f3bd48fc6eaa2.mp3', 'b3aa67fddca3e7cc988041e6cc9a699a4cc959bb.jpg', NULL, '2014-02-26 02:08:25', 0, '', 0, 1),
(479, 295, 6, 0, 1, 'AN21 and Max Vangeli - Live @ Electric Daisy Carnival (New York) - 18.05.2013.mp3', 'b3aa67fddca3e7cc988041e6cc9a699a4cc959bb.jpg', NULL, '2014-02-26 02:08:45', 0, '', 0, 1),
(480, 295, 6, 0, 1, 'cb5841021b84a5ff2976a3120942813b2523106a.mp3', 'b3aa67fddca3e7cc988041e6cc9a699a4cc959bb.jpg', NULL, '2014-02-26 02:13:26', 0, '', 0, 0),
(481, 12, 6, 0, 2, '068baeda2966feb668b21261983eb732322c5e9f.mp3', 'b3aa67fddca3e7cc988041e6cc9a699a4cc959bb.jpg', NULL, '2014-02-26 02:18:48', 0, '', 0, 0),
(482, 12, 5, 0, 2, '44198618e55fed4a9ade53d7ae79f2045c0130f9.mp3', '1f6c17e7b18ffbc877f866311e6ff6411e69daf5.jpeg', NULL, '2014-02-26 02:22:01', 0, '', 0, 0),
(483, 102, 17, 0, 2, '16233f7d0b1f67fc206079a326929a59139cd7d0.mp3', '90ee28fffa3fc582bf218e6a5482eb08b45dda14.jpg', NULL, '2014-02-26 02:50:29', 0, '', 0, 0),
(484, 73, 0, 14, 11, '507b15f4c17a472ea9770c021f819b0c3a190fa7.mp3', 'a87c1605e2337b97a31d8c208f8cfd2d475e04ec.jpg', NULL, '2014-02-26 02:52:37', 0, '', 1, 0),
(485, 73, 0, 14, 11, '5ca86830ac76762f03475cada410d362ef55800f.mp3', 'a87c1605e2337b97a31d8c208f8cfd2d475e04ec.jpg', NULL, '2014-02-26 02:54:18', 0, '', 1, 0),
(486, 73, 0, 14, 11, '7c41d7dd42c0c427a74e939958a2768004f743bb.mp3', 'a87c1605e2337b97a31d8c208f8cfd2d475e04ec.jpg', NULL, '2014-02-26 03:05:29', 0, '', 1, 0),
(487, 73, 0, 14, 11, 'e350fb1e95ff3bae069fe0e3bddf6e9b80b71d0f.mp3', 'a87c1605e2337b97a31d8c208f8cfd2d475e04ec.jpg', NULL, '2014-02-26 03:07:09', 0, '', 1, 0),
(488, 73, 0, 14, 11, '20d91cc8933401982ac102b0f8aaaa632b20d85f.mp3', 'a87c1605e2337b97a31d8c208f8cfd2d475e04ec.jpg', NULL, '2014-02-26 03:09:53', 0, '', 1, 0),
(489, 73, 0, 14, 11, '41633f77c9608094400fcf7df26bfbe88aeabe17.mp3', 'a87c1605e2337b97a31d8c208f8cfd2d475e04ec.jpg', NULL, '2014-02-26 03:11:19', 0, '', 1, 0),
(490, 73, 0, 14, 11, '120005c14d606b22b00ca39c0dc23f4b8ba59619.mp3', 'a87c1605e2337b97a31d8c208f8cfd2d475e04ec.jpg', NULL, '2014-02-26 03:12:37', 0, '', 1, 0),
(491, 73, 0, 14, 11, '77ff534c3e53e34af470cfecb092f2cbf734d6b7.mp3', 'a87c1605e2337b97a31d8c208f8cfd2d475e04ec.jpg', NULL, '2014-02-26 03:14:23', 0, '', 1, 0),
(492, 73, 0, 14, 11, '9564847c3de953d86d1699c67b1bcbcd68382cb6.mp3', 'a87c1605e2337b97a31d8c208f8cfd2d475e04ec.jpg', NULL, '2014-02-26 03:16:15', 0, '', 1, 0),
(493, 229, 1, 0, 17, 'a27a8ed4ebe6351b6169196e543d548468cb3eb0.mp3', 'b74d504f1cb62df8ac52ed0e963906de0ac6ad7a.jpg', NULL, '2014-02-26 03:18:50', 0, '', 0, 0),
(494, 73, 0, 14, 11, '42a4353519ea8b4712cbf5842e33970832150d19.mp3', 'a87c1605e2337b97a31d8c208f8cfd2d475e04ec.jpg', NULL, '2014-02-26 03:28:17', 0, '', 1, 0),
(495, 296, 1, 0, 17, 'f2eefe7466d681b2c8380adad3554daef3091684.mp3', 'b74d504f1cb62df8ac52ed0e963906de0ac6ad7a.jpg', NULL, '2014-02-26 03:47:07', 0, '', 0, 0),
(496, 73, 0, 14, 11, 'b44b0b4b8b33d2fa349c16e0d47b3f87ed511ee0.mp3', 'a87c1605e2337b97a31d8c208f8cfd2d475e04ec.jpg', NULL, '2014-02-26 03:56:11', 0, '', 1, 0),
(497, 73, 0, 14, 11, '20a67718431426f676db4e62361f31592b8a9486.mp3', 'a87c1605e2337b97a31d8c208f8cfd2d475e04ec.jpg', NULL, '2014-02-26 03:57:46', 0, '', 1, 0),
(498, 73, 0, 14, 11, 'a9833b7f5abd2035866875edcc518fbbc989a7d8.mp3', 'a87c1605e2337b97a31d8c208f8cfd2d475e04ec.jpg', NULL, '2014-02-26 03:59:21', 0, '', 1, 0),
(499, 297, 1, 0, 13, '9962f07c934e93b185b0dec15c67df44ddebb60c.mp3', 'b74d504f1cb62df8ac52ed0e963906de0ac6ad7a.jpg', NULL, '2014-02-26 04:02:02', 0, '', 0, 0),
(500, 73, 0, 14, 11, '61826e3d54752703a1ecb503237bc71d1def2759.mp3', 'a87c1605e2337b97a31d8c208f8cfd2d475e04ec.jpg', NULL, '2014-02-26 04:03:13', 0, '', 1, 0),
(501, 73, 0, 14, 11, 'bd63cbe8c164d49ddebab5cc8dec7dfd3b762cbb.mp3', 'a87c1605e2337b97a31d8c208f8cfd2d475e04ec.jpg', NULL, '2014-02-26 04:05:06', 0, '', 1, 0),
(502, 73, 0, 14, 11, 'eb841f2920fc779782218e27fb178a10d29dc420.mp3', 'a87c1605e2337b97a31d8c208f8cfd2d475e04ec.jpg', NULL, '2014-02-26 04:09:07', 0, '', 1, 0),
(503, 73, 0, 14, 11, '9afbb36edcdc1f6d218e06d6acbb515bfbc432f3.mp3', 'a87c1605e2337b97a31d8c208f8cfd2d475e04ec.jpg', NULL, '2014-02-26 04:12:08', 0, '', 1, 0),
(504, 298, 1, 0, 17, '97f26e8cc6327cb2d0204b990344b981bfbb8882.mp3', 'b74d504f1cb62df8ac52ed0e963906de0ac6ad7a.jpg', NULL, '2014-02-26 04:12:38', 0, '', 0, 0),
(505, 73, 0, 14, 11, '5f2e3126338a352fcdf87c5f8e1a67707a73402b.mp3', 'a87c1605e2337b97a31d8c208f8cfd2d475e04ec.jpg', NULL, '2014-02-26 04:13:50', 0, '', 1, 0),
(506, 73, 0, 14, 11, '1fc43a5d38963f0e583c65524dafc2f5a4b60bff.mp3', 'a87c1605e2337b97a31d8c208f8cfd2d475e04ec.jpg', NULL, '2014-02-26 04:16:06', 0, '', 1, 0),
(507, 23, 1, 0, 17, '7dec54e1121f8530a830f6ff2c6abd7f4bba279e.mp3', 'b74d504f1cb62df8ac52ed0e963906de0ac6ad7a.jpg', NULL, '2014-02-26 04:26:24', 0, '', 0, 0),
(508, 73, 0, 14, 11, '926cdfc2033c574b0c32f66bffe56b3a8a01b140.mp3', 'a87c1605e2337b97a31d8c208f8cfd2d475e04ec.jpg', NULL, '2014-02-26 05:19:12', 0, '', 1, 0),
(509, 73, 0, 14, 11, '1f1ac304088e1ca2b5a6924fdb7b083e5b07ce13.mp3', 'a87c1605e2337b97a31d8c208f8cfd2d475e04ec.jpg', NULL, '2014-02-26 05:20:41', 0, '', 1, 0),
(510, 73, 0, 14, 11, '2d7de247e351393c54c8b89906e1cf35c034d33d.mp3', 'a87c1605e2337b97a31d8c208f8cfd2d475e04ec.jpg', NULL, '2014-02-26 05:32:12', 0, '', 1, 0),
(511, 73, 0, 14, 11, 'd4fa82a6685c012602910fadee19a80295475870.mp3', 'a87c1605e2337b97a31d8c208f8cfd2d475e04ec.jpg', NULL, '2014-02-26 05:38:07', 0, '', 1, 0),
(512, 73, 0, 14, 11, '0806f87496fb8e7ed437992673eacd1bf058a582.mp3', 'a87c1605e2337b97a31d8c208f8cfd2d475e04ec.jpg', NULL, '2014-02-26 05:42:03', 0, '', 1, 0),
(513, 73, 0, 14, 11, '463070028e86c81f3033f08635de816f76fe893d.mp3', 'a87c1605e2337b97a31d8c208f8cfd2d475e04ec.jpg', NULL, '2014-02-26 05:45:48', 0, '', 1, 0),
(514, 73, 0, 14, 11, '3fd712019f80ec95bcc3a81c244e0436de92ddb7.mp3', 'a87c1605e2337b97a31d8c208f8cfd2d475e04ec.jpg', NULL, '2014-02-26 05:55:40', 0, '', 1, 0),
(515, 73, 0, 14, 11, 'd3fb61c9499f2debd565fc2fb5a286cc9f7094d7.mp3', 'a87c1605e2337b97a31d8c208f8cfd2d475e04ec.jpg', NULL, '2014-02-26 06:06:02', 0, '', 1, 0),
(516, 6, 6, 0, 15, '04e54d2acafff80eb07afb9ac70ba5801e06ef66.mp3', 'b3aa67fddca3e7cc988041e6cc9a699a4cc959bb.jpg', NULL, '2014-02-26 06:11:12', 0, '', 0, 0),
(517, 245, 5, 0, 17, 'c5ddcbcea5f667b01f39c2aee2f7a77bbcfcda3e.mp3', '1f6c17e7b18ffbc877f866311e6ff6411e69daf5.jpeg', NULL, '2014-02-26 06:15:51', 0, '', 0, 0),
(518, 6, 5, 0, 15, 'bd7b875dcf389a773816b7f63e1d1e060663b011.mp3', '1f6c17e7b18ffbc877f866311e6ff6411e69daf5.jpeg', NULL, '2014-02-26 06:50:37', 0, '', 0, 0),
(519, 11, 3, 0, 1, '30aefd9749b6a8f47be3fed6883bb9b61d640422.mp3', 'ba78896e11c0fdb505f91d2b1a59e38dd0b1b987.jpg', NULL, '2014-02-26 06:58:07', 0, '', 0, 0),
(520, 11, 6, 0, 1, '46820755d0598bc3dae27d4d691fb00e63c9a96c.mp3', 'b3aa67fddca3e7cc988041e6cc9a699a4cc959bb.jpg', NULL, '2014-02-26 07:01:19', 0, '', 0, 0),
(521, 11, 5, 0, 1, '454673569c16136172ae5052cf8e91b606806d9b.mp3', '1f6c17e7b18ffbc877f866311e6ff6411e69daf5.jpeg', NULL, '2014-02-26 07:06:43', 0, '', 0, 0),
(522, 171, 5, 0, 2, 'e6e8900a3bc1943cc2526bfdfceb2fc01e815006.mp3', '1f6c17e7b18ffbc877f866311e6ff6411e69daf5.jpeg', NULL, '2014-02-26 07:10:50', 0, '', 0, 0),
(523, 165, 6, 0, 1, 'e3d72a6a2c04e1e0f48247fd0bac67e5608f8ee0.mp3', 'b3aa67fddca3e7cc988041e6cc9a699a4cc959bb.jpg', NULL, '2014-02-26 07:36:05', 0, '', 0, 0),
(524, 16, 3, 0, 1, '530621239af9d9f957dccf3dee4016380f9f5aa7.mp3', 'ba78896e11c0fdb505f91d2b1a59e38dd0b1b987.jpg', NULL, '2014-02-26 07:38:24', 0, '', 0, 0),
(525, 105, 3, 0, 7, '6c67815b737735deebedb11a4f3213e28d420d6d.mp3', 'ba78896e11c0fdb505f91d2b1a59e38dd0b1b987.jpg', NULL, '2014-02-26 07:42:11', 0, '', 0, 0),
(526, 24, 5, 0, 11, 'd9b829aa8c1c136ca594ab1827b79ee62aa009fc.mp3', '1f6c17e7b18ffbc877f866311e6ff6411e69daf5.jpeg', NULL, '2014-02-26 08:29:44', 0, '', 0, 0),
(527, 25, 5, 0, 1, 'a1f87876de21d07f9155281fa5cd89ff3cb638cd.mp3', '1f6c17e7b18ffbc877f866311e6ff6411e69daf5.jpeg', NULL, '2014-02-26 08:40:35', 0, '', 0, 0),
(528, 26, 6, 0, 1, '191b791b4d631ac623a0fd92edea8174faf79621.mp3', 'b3aa67fddca3e7cc988041e6cc9a699a4cc959bb.jpg', NULL, '2014-02-26 08:57:10', 0, '', 0, 0),
(529, 26, 7, 0, 1, '8e07c33fd0d61ce351d58193ea0511597be6018c.mp3', '6acd4df4d7dec31ea17616d5d4310ba30a8bea3a.jpg', NULL, '2014-02-26 16:46:41', 0, '', 0, 0),
(530, 108, 6, 0, 15, '133f37eaae9afbe7af83a4a0c5f6789dfa45fbd2.mp3', 'b3aa67fddca3e7cc988041e6cc9a699a4cc959bb.jpg', NULL, '2014-02-26 17:05:03', 0, '', 0, 0),
(531, 27, 5, 0, 5, '2b62858878bc39c1caf0f6955c4f718baf6ed9b6.mp3', '1f6c17e7b18ffbc877f866311e6ff6411e69daf5.jpeg', NULL, '2014-02-26 17:16:08', 0, '', 0, 0),
(532, 28, 3, 0, 2, 'a323f462801a1cd60dda379498eadd0eb0409a1a.mp3', 'ba78896e11c0fdb505f91d2b1a59e38dd0b1b987.jpg', NULL, '2014-02-26 17:26:36', 0, '', 0, 0),
(533, 28, 7, 0, 2, 'aef80c29c18741e19006169a66bcb6f47a0cbadc.mp3', '6acd4df4d7dec31ea17616d5d4310ba30a8bea3a.jpg', NULL, '2014-02-26 17:29:25', 0, '', 0, 0),
(534, 110, 5, 0, 9, 'da99c263a90ae10fbebcd841cfed4c020a45547e.mp3', '1f6c17e7b18ffbc877f866311e6ff6411e69daf5.jpeg', NULL, '2014-02-26 17:36:03', 0, '', 0, 0),
(535, 40, 3, 0, 1, '8e7e9a0e5a39a65015a4ba5b39c9c8066a1581f2.mp3', 'ba78896e11c0fdb505f91d2b1a59e38dd0b1b987.jpg', NULL, '2014-02-26 17:44:13', 0, '', 0, 0),
(536, 29, 5, 0, 6, '0429f0c083811943156cfe1aea6387836cc197e8.mp3', '1f6c17e7b18ffbc877f866311e6ff6411e69daf5.jpeg', NULL, '2014-02-26 17:47:49', 0, '', 0, 0),
(537, 289, 6, 0, 1, '4a29c83f14f15c1334c6a738e03ce8be94348d61.mp3', 'b3aa67fddca3e7cc988041e6cc9a699a4cc959bb.jpg', NULL, '2014-02-26 18:44:53', 0, '', 0, 0),
(538, 299, 3, 0, 1, '1038ed6b953945c323b00dad36a8b871da0d7958.mp3', 'ba78896e11c0fdb505f91d2b1a59e38dd0b1b987.jpg', NULL, '2014-02-26 18:56:59', 0, '', 0, 0),
(539, 30, 7, 0, 2, '7511da1c11704a1000d1fac4cbe26a1101b1475e.mp3', '6acd4df4d7dec31ea17616d5d4310ba30a8bea3a.jpg', NULL, '2014-02-26 18:59:41', 0, '', 0, 0),
(540, 30, 3, 0, 2, '819ef16dc22088784e4fb1fc7be979df4c5daaa5.mp3', 'ba78896e11c0fdb505f91d2b1a59e38dd0b1b987.jpg', NULL, '2014-02-26 19:04:02', 0, '', 0, 0),
(541, 30, 5, 0, 2, 'babd984b55cea8d81531473ab674b1078cbb37ea.mp3', '1f6c17e7b18ffbc877f866311e6ff6411e69daf5.jpeg', NULL, '2014-02-26 19:29:49', 0, '', 0, 0),
(542, 31, 3, 0, 1, 'd71c918bfd1b31df323526316dba830fb21ff25c.mp3', 'ba78896e11c0fdb505f91d2b1a59e38dd0b1b987.jpg', NULL, '2014-02-26 19:33:25', 0, '', 0, 0),
(543, 113, 7, 0, 1, '8c330ffd003fba39dc09fd3988373e88a166e0b9.mp3', '6acd4df4d7dec31ea17616d5d4310ba30a8bea3a.jpg', NULL, '2014-02-26 19:39:40', 0, '', 0, 0),
(544, 36, 6, 0, 1, '9a89d46a9ac67e62a8222d2c7adbb1383d30df7a.mp3', 'b3aa67fddca3e7cc988041e6cc9a699a4cc959bb.jpg', NULL, '2014-02-26 20:54:55', 0, '', 0, 0),
(545, 118, 0, 27, 1, '427d6972f0ca3bfa13c50ef750f37a4116ccb227.mp3', '6d9d516977c3584fc0e7a3f72bf9c7769bc6ad8a.jpg', NULL, '2014-02-26 20:59:46', 0, '', 1, 0),
(546, 118, 0, 27, 1, 'e2d36b60aff62ee35023cec12459fbe634360fee.mp3', '6d9d516977c3584fc0e7a3f72bf9c7769bc6ad8a.jpg', NULL, '2014-02-26 21:01:02', 0, '', 1, 0),
(547, 118, 0, 27, 1, '4c1550c1d7be765e96c28ec0f759b5a833f8e7ea.mp3', '6d9d516977c3584fc0e7a3f72bf9c7769bc6ad8a.jpg', NULL, '2014-02-26 21:03:11', 0, '', 1, 0),
(548, 118, 0, 27, 1, 'bdd71b55378b99dfa7cddfe98286c05a2b2fb841.mp3', '6d9d516977c3584fc0e7a3f72bf9c7769bc6ad8a.jpg', NULL, '2014-02-26 21:10:07', 0, '', 1, 0);

/*!40101 SET CHARACTER_SET_CLIENT=@OLD_CHARACTER_SET_CLIENT */;
/*!40101 SET CHARACTER_SET_RESULTS=@OLD_CHARACTER_SET_RESULTS */;
/*!40101 SET COLLATION_CONNECTION=@OLD_COLLATION_CONNECTION */;
